11220802293 |003849182_0_000005_1_The Mysterious Marriage  or  the Will of my father  [With plates ]_1820.jpg|
11220682814 |003694296_03_000102_1_Journal of a Tour in the Levant_1820.jpg|
11220775953 |000611972_0_000026_1_[The Queen s Matrimonial Ladder  a national toy     By the author of  The Politi_1820.jpg|
11220760203 |001833044_0_000017_1_[The real constitutional house that Jack built     Eighth edition  [A satire in _1820.jpg|
11220743613 |002108164_0_000053_1_A Political Lecture on Heads  By the Black Dwarf [i e  T  J  Wooler]     Third e_1820.jpg|
11220635694 |000385345_0_000002_1_[A New Song  called the Angler s Progress  etc ]_1820.jpg|
11220645986 |000732791_0_000026_1_[The Old Black Cock and his Dunghill Advisers in Jeopardy  or  the Palace that J_1820.jpg|
11220645006 |001833093_0_000015_1_[The Political Queen that Jack loves     Seventh edition  [By William Hone ]]_1820.jpg|
11220735303 |003849182_0_000110_1_The Mysterious Marriage  or  the Will of my father  [With plates ]_1820.jpg|
11220632226 |003694296_02_000034_1_Journal of a Tour in the Levant_1820.jpg|
11220719763 |001833045_0_000025_1_The Royal House that Jack built  [A satire in verse upon Queen Caroline ]_1820.jpg|
11220612114 |002903501_0_000007_1_[A Morning s Walk from London to Kew ]_1820.jpg|
11220617986 |001833093_0_000012_1_[The Political Queen that Jack loves     Seventh edition  [By William Hone ]]_1820.jpg|
11220602824 |001833093_0_000013_1_[The Political Queen that Jack loves     Seventh edition  [By William Hone ]]_1820.jpg|
11220601984 |001833044_0_000015_1_[The real constitutional house that Jack built     Eighth edition  [A satire in _1820.jpg|
11220708013 |001833093_0_000017_1_[The Political Queen that Jack loves     Seventh edition  [By William Hone ]]_1820.jpg|
11220598995 |001833045_0_000009_1_The Royal House that Jack built  [A satire in verse upon Queen Caroline ]_1820.jpg|
11220599124 |003694296_03_000552_1_Journal of a Tour in the Levant_1820.jpg|
11220705883 |000611980_0_000018_1_[The Queen s Matrimonial Ladder     Twenty sixth edition  By the author of  The _1820.jpg|
11220782286 |001175244_02_000127_1_[A Classical Tour through Italy     Fourth edition      illustrated with a map o_1821.jpg|
11220872043 |000105615_0_000230_1_Umrisse einer Reise nach London  Amsterdam und Paris im Jahr 1817 von Archibald _1821.jpg|
11220866353 |002081122_0_000218_1_The University and City of Oxford  displayed in a series of seventy two views  d_1821.jpg|
11220758854 |002013047_02_000443_1_A Voyage of Discovery  into the South Sea and Beering s Straits  for the purpose_1821.jpg|
11220861133 |002013047_03_000010_1_A Voyage of Discovery  into the South Sea and Beering s Straits  for the purpose_1821.jpg|
11220752725 |001859242_0_000136_1_The history of Thirsk      with biographical notices of eminent men  [Compiled b_1821.jpg|
11220736794 |002657622_0_000010_1_An historical account of Kenilworth Castle_1821.jpg|
11220750256 |002081122_0_000074_1_The University and City of Oxford  displayed in a series of seventy two views  d_1821.jpg|
11220735714 |001175244_02_000132_1_[A Classical Tour through Italy     Fourth edition      illustrated with a map o_1821.jpg|
11220733305 |002081122_0_000366_1_The University and City of Oxford  displayed in a series of seventy two views  d_1821.jpg|
11220832793 |001254160_0_000005_1_The Scorpion Critic unmasked  or  animadversions on a pretended review [by J  G _1821.jpg|
11220723685 |002081122_0_000324_1_The University and City of Oxford  displayed in a series of seventy two views  d_1821.jpg|
11220722435 |003316913_04_000535_1_[The Poetical Works of Walter Scott  Esq  [With the notes of the author ]]_1821.jpg|
11220721445 |001242763_0_000104_1_A Journal of a Voyage of Discovery to the Arctic Regions in His Majesty s ships _1821.jpg|
11220736106 |001242763_0_000059_1_A Journal of a Voyage of Discovery to the Arctic Regions in His Majesty s ships _1821.jpg|
11220819743 |002081122_0_000358_1_The University and City of Oxford  displayed in a series of seventy two views  d_1821.jpg|
11220711755 |002081122_0_000130_1_The University and City of Oxford  displayed in a series of seventy two views  d_1821.jpg|
11220839766 |000929492_0_000007_1_[Life in London  or the Larks of Logic  Tom    Jerry  an extravaganza in three a_1822.jpg|
11220834676 |003933756_0_000367_1_An historical and typographical description of the municipium of ancient Verulam_1822.jpg|
11220833566 |002692037_01_000009_1_Chronicles of Eri  being the History of the Gaal Sciot Iber  or Irish people  tr_1822.jpg|
11220814584 |000557660_02_000012_1_The Works of Lord Byron  comprehending the suppressed poems  Embellished with a _1822.jpg|
11220814674 |001866443_0_000009_1_[Lines written at Jerpoint Abbey  [By Samuel Carter Hall  With illustrations ]]_1822.jpg|
11220913233 |001255083_0_000166_1_Letters from America  containing observations on the climate and agriculture of _1822.jpg|
11220912123 |003147395_02_000067_1_[Rome in the Nineteenth Century  containing a complete account of the ruins of t_1822.jpg|
11220911543 |000516661_0_000468_1_[Travels in Palestine  through the countries of Bashan and Gilead  east of the R_1822.jpg|
11220909863 |001255083_0_000114_1_Letters from America  containing observations on the climate and agriculture of _1822.jpg|
11220806204 |003108304_0_000148_1_[The Tourist s Companion  being a description and history of Ripon  Studley Park_1822.jpg|
11220812606 |000984697_0_000080_1_[Pielgrzymka     do Ziemi S wie tey  Egiptu  niekto rych wschodnich  i po udniow_1822.jpg|
11220902203 |003121042_03_000002_1_[The Works of William Robertson     To which is prefixed  an account of his life_1822.jpg|
11220796914 |000984697_0_000133_1_[Pielgrzymka     do Ziemi S wie tey  Egiptu  niekto rych wschodnich  i po udniow_1822.jpg|
11220806296 |000533686_0_000331_1_[Travels in Nubia ]_1822.jpg|
11220897503 |000533686_0_000225_1_[Travels in Nubia ]_1822.jpg|
11220784384 |001255083_0_000165_1_Letters from America  containing observations on the climate and agriculture of _1822.jpg|
11220885883 |000060890_0_000021_1_A Descriptive and Historical View of Alnwick     and of Alnwick Castle     Secon_1822.jpg|
11220885133 |003147395_02_000112_1_[Rome in the Nineteenth Century  containing a complete account of the ruins of t_1822.jpg|
11220777295 |001255083_0_000031_1_Letters from America  containing observations on the climate and agriculture of _1822.jpg|
11220792056 |000643546_0_000170_1_Narrative of an Expedition from Tripoli in Barbary  to the Western Frontier of E_1822.jpg|
11220776305 |000533686_0_000330_1_[Travels in Nubia ]_1822.jpg|
11220785106 |000533686_0_000216_1_[Travels in Nubia ]_1822.jpg|
11220783046 |003933756_0_000311_1_An historical and typographical description of the municipium of ancient Verulam_1822.jpg|
11220949893 |002619002_0_000130_1_The history and antiquities of the parish of Islington  in the county of Middles_1823.jpg|
11220949053 |002432520_0_000261_2_[Travels in the interior of Brazil  particularly in the gold and diamond distric_1823.jpg|
11220844774 |000535335_0_000032_1_[The Birth and Triumph of Love  a poem ]_1823.jpg|
11220841045 |000557755_01_000194_1_[ uvres comple tes de Lord Byron  traduites de l anglais par MM  A  P  et E  D  _1823.jpg|
11220947893 |000255454_0_000127_1_The History of the Town of Belfast with     a statistical survey of the parish o_1823.jpg|
11220839855 |000557755_02_000034_1_[ uvres comple tes de Lord Byron  traduites de l anglais par MM  A  P  et E  D  _1823.jpg|
11220839205 |000557755_02_000002_1_[ uvres comple tes de Lord Byron  traduites de l anglais par MM  A  P  et E  D  _1823.jpg|
11220855776 |000255454_0_000148_1_The History of the Town of Belfast with     a statistical survey of the parish o_1823.jpg|
11220841674 |002806378_0_000012_1_Anecdotes of the Spanish and Portuguese Revolutions  With an introduction and no_1823.jpg|
11220837465 |000557755_01_000012_1_[ uvres comple tes de Lord Byron  traduites de l anglais par MM  A  P  et E  D  _1823.jpg|
11220941603 |000557755_01_000294_1_[ uvres comple tes de Lord Byron  traduites de l anglais par MM  A  P  et E  D  _1823.jpg|
11220941193 |002512068_0_000002_1_Julian  a tragedy in five acts [and in verse]_1823.jpg|
11220940553 |000557755_04_000144_1_[ uvres comple tes de Lord Byron  traduites de l anglais par MM  A  P  et E  D  _1823.jpg|
11220940403 |002655602_0_000407_1_Beitra ge zu einem Mu nsterischen Urkundenbuche aus vaterla ndischen Archiven ge_1823.jpg|
11220832405 |001036142_0_000185_1_Journal of a Horticultural Tour through some Parts of Flanders  Holland  and the_1823.jpg|
11220835354 |000910918_0_000006_1_Denmark delineated  or  sketches of the present state of that country  Illustrat_1823.jpg|
11220938603 |000255454_0_000138_1_The History of the Town of Belfast with     a statistical survey of the parish o_1823.jpg|
11220938873 |000557755_01_000015_1_[ uvres comple tes de Lord Byron  traduites de l anglais par MM  A  P  et E  D  _1823.jpg|
11220830405 |003309887_0_000151_1_Journal of a Voyage to the Northern Whale fishery  including researches and disc_1823.jpg|
11220936353 |001021259_01_000008_1_[Travels in New England  and New York  etc ]_1823.jpg|
11220829135 |002947204_0_000403_2_Letters literary and political Poland  comprising observations on Russia and oth_1823.jpg|
11223862224 |002453071_0_000213_1_A Book of the United States  exhibiting its geography  divisions  constitution  _1839.jpg|
11223852715 |000194796_0_000128_1_Historical Collections     relating to the history and antiquities of every town_1839.jpg|
11223962333 |003514906_0_000427_1_The history and topography of the Isle of Axholme  being that part of Lincolnshi_1839.jpg|
11223875276 |003947032_0_000457_1_A narrative of the Greek Mission  or Sixteen Years in Malta and Greece  includin_1839.jpg|
11223850685 |002453071_0_000327_1_A Book of the United States  exhibiting its geography  divisions  constitution  _1839.jpg|
11223850055 |000194796_0_000343_1_Historical Collections     relating to the history and antiquities of every town_1839.jpg|
11223959313 |003430374_0_000655_2_The Rhine  legends  traditions  history  from Cologne to Mainz_1839.jpg|
11223873116 |001697187_04_000557_1_Thom  Hobbes Malmesburiensis opera philosophica qu  Latine scripsit omnia in unu_1839.jpg|
11223848115 |001527792_0_000561_1_Aristocracy in America  from the Sketch book of a German Nobleman  [Translated f_1839.jpg|
11223848295 |002748204_02_000459_1_Hungary and Transylvania  with remarks on their condition  social  political and_1839.jpg|
11223847335 |000001929_10_000887_1_De Aardbol  Magazijn van hedendaagsche land  en volkenkunde     Met platen en ka_1839.jpg|
11223847125 |000194796_0_000398_1_Historical Collections     relating to the history and antiquities of every town_1839.jpg|
11223846225 |002740326_0_000100_1_[The Oxford University and City Guide     New edition  with     additions ]_1839.jpg|
11223868876 |002363611_0_000347_1_[The voiage and travaile of Sir J  Maundevile  which treateth of the way to Hier_1839.jpg|
11223869056 |002371339_02_000159_1_[The Wonders of Geology  or  a familiar exposition of geological phenomena  bein_1839.jpg|
11223867816 |002748204_01_000519_1_Hungary and Transylvania  with remarks on their condition  social  political and_1839.jpg|
11223852204 |000001929_10_000447_1_De Aardbol  Magazijn van hedendaagsche land  en volkenkunde     Met platen en ka_1839.jpg|
11223952993 |000001929_03_000058_2_De Aardbol  Magazijn van hedendaagsche land  en volkenkunde     Met platen en ka_1839.jpg|
11223851154 |000001929_07_000477_1_De Aardbol  Magazijn van hedendaagsche land  en volkenkunde     Met platen en ka_1839.jpg|
11223951733 |002748204_01_000407_1_Hungary and Transylvania  with remarks on their condition  social  political and_1839.jpg|
11223951203 |001018328_0_000147_1_Sketches of Hampshire  embracing the architectural antiquities  topography  etc _1839.jpg|
11223864906 |000194796_0_000108_1_Historical Collections     relating to the history and antiquities of every town_1839.jpg|
11223949823 |002740326_0_000158_1_[The Oxford University and City Guide     New edition  with     additions ]_1839.jpg|
11223863496 |000001929_04_000098_2_De Aardbol  Magazijn van hedendaagsche land  en volkenkunde     Met platen en ka_1839.jpg|
11223863126 |002363611_0_000057_1_[The voiage and travaile of Sir J  Maundevile  which treateth of the way to Hier_1839.jpg|
11223846854 |000194796_0_000428_1_Historical Collections     relating to the history and antiquities of every town_1839.jpg|
11223861746 |000001929_09_000035_1_De Aardbol  Magazijn van hedendaagsche land  en volkenkunde     Met platen en ka_1839.jpg|
11223845464 |000194796_0_000295_1_Historical Collections     relating to the history and antiquities of every town_1839.jpg|
11223946173 |000001929_05_000626_1_De Aardbol  Magazijn van hedendaagsche land  en volkenkunde     Met platen en ka_1839.jpg|
11223944543 |003991234_0_000064_1_The Stranger s guide to the Roman Antiquities of the City of Treves  From the Ge_1839.jpg|
11223843354 |001793707_0_000247_1_The Wonders of The World in Nature and Art  Edited by H  Ince_1839.jpg|
11223857836 |000001929_09_000056_1_De Aardbol  Magazijn van hedendaagsche land  en volkenkunde     Met platen en ka_1839.jpg|
11223833405 |000001929_10_000263_1_De Aardbol  Magazijn van hedendaagsche land  en volkenkunde     Met platen en ka_1839.jpg|
11226480183 |000550576_01_000549_2_The Pictorial History of France and of the French People     Enriched with     d_1843.jpg|
11226480203 |000550576_02_000016_1_The Pictorial History of France and of the French People     Enriched with     d_1843.jpg|
11226364095 |000884734_0_000229_1_Historical Collections of the State of Pennsylvania  containing a copious select_1843.jpg|
11226479123 |001571495_0_000059_1_A Week at Killarney_1843.jpg|
11226363915 |003996026_02_000211_1_The modern History and Condition of Egypt  its climate  diseases  and capabiliti_1843.jpg|
11226390206 |000550576_01_000352_1_The Pictorial History of France and of the French People     Enriched with     d_1843.jpg|
11226389736 |000550576_01_000569_1_The Pictorial History of France and of the French People     Enriched with     d_1843.jpg|
11226382084 |000884734_0_000435_1_Historical Collections of the State of Pennsylvania  containing a copious select_1843.jpg|
11226381274 |000089113_0_000201_1_Forfarshire illustrated  being views of gentlemen s seats  antiquities  and scen_1843.jpg|
11226388356 |000586465_0_000211_1_The Poetical Works of Thomas Campbell  Illustrated by twenty vignettes from desi_1843.jpg|
11226380294 |000884734_0_000609_1_Historical Collections of the State of Pennsylvania  containing a copious select_1843.jpg|
11226359875 |002963514_0_000128_1_Report on the Geology of the County of Londonderry  and of parts of Tyrone and F_1843.jpg|
11226379444 |001855204_0_000217_1_History of the Hawaiian or Sandwich Islands      from the earliest traditionary _1843.jpg|
11226358925 |000586465_0_000159_1_The Poetical Works of Thomas Campbell  Illustrated by twenty vignettes from desi_1843.jpg|
11226472173 |003495414_01_000444_1_Incidents of Travel in Yucatan  etc_1843.jpg|
11226384926 |000550576_01_000319_1_The Pictorial History of France and of the French People     Enriched with     d_1843.jpg|
11226383976 |001992215_0_000064_1_Day Dreams     With twenty illustrations     by H  Warren_1843.jpg|
11226383156 |001850440_0_000270_1_L E te  a  Paris_1843.jpg|
11226375344 |001335586_01_000188_1_The Pictorial History of the United States of America  from the discovery by the_1843.jpg|
11226354085 |003455071_01_000191_3_Espan a pintoresca  artistica  monumental  literaria y de costumbres_1843.jpg|
11226380346 |000550576_01_000102_1_The Pictorial History of France and of the French People     Enriched with     d_1843.jpg|
11226380106 |000550576_02_000082_1_The Pictorial History of France and of the French People     Enriched with     d_1843.jpg|
11226379186 |000550576_02_000013_1_The Pictorial History of France and of the French People     Enriched with     d_1843.jpg|
11226465703 |001571495_0_000020_1_A Week at Killarney_1843.jpg|
11226464833 |001335586_01_000414_1_The Pictorial History of the United States of America  from the discovery by the_1843.jpg|
11226378126 |001992215_0_000210_1_Day Dreams     With twenty illustrations     by H  Warren_1843.jpg|
11226377166 |003928037_0_000024_1_[A Paper Lantern for Puseyites  By Will o  the Wisp ]_1843.jpg|
11226463763 |000089113_0_000240_1_Forfarshire illustrated  being views of gentlemen s seats  antiquities  and scen_1843.jpg|
11226349095 |001496442_0_000568_1_                                                _1843.jpg|
11226368074 |000935790_0_000453_1_Travels in New Zealand  with contributions to the geography  geology  botany  an_1843.jpg|
11226348225 |000884734_0_000408_1_Historical Collections of the State of Pennsylvania  containing a copious select_1843.jpg|
11226460743 |003495414_01_000333_1_Incidents of Travel in Yucatan  etc_1843.jpg|
11226345625 |000586465_0_000024_1_The Poetical Works of Thomas Campbell  Illustrated by twenty vignettes from desi_1843.jpg|
11226372726 |000586465_0_000157_1_The Poetical Works of Thomas Campbell  Illustrated by twenty vignettes from desi_1843.jpg|
11226458593 |000550576_01_000635_1_The Pictorial History of France and of the French People     Enriched with     d_1843.jpg|
11226371476 |000935790_0_000007_1_Travels in New Zealand  with contributions to the geography  geology  botany  an_1843.jpg|
11226344215 |000477119_0_000244_1_Cursory Observations on the Churches of Bristol  By an occasional visitor [i e  _1843.jpg|
11226363804 |001850440_0_000072_1_L E te  a  Paris_1843.jpg|
11226362464 |000550576_01_000117_1_The Pictorial History of France and of the French People     Enriched with     d_1843.jpg|
11226362754 |001335586_01_000229_1_The Pictorial History of the United States of America  from the discovery by the_1843.jpg|
11226341595 |001571495_0_000127_1_A Week at Killarney_1843.jpg|
11226368426 |002670230_0_000084_1_Rambles in Yucatan  or notes of travel through the Peninsula  including a visit _1843.jpg|
11226360494 |000550576_02_000327_1_The Pictorial History of France and of the French People     Enriched with     d_1843.jpg|
11226367266 |002967330_0_000312_1_Personal Observations on Sindh  the manners and customs of its inhabitants  and _1843.jpg|
11226339595 |003120122_0_000200_1_The Environs of Reading_1843.jpg|
11226358984 |000884734_0_000597_1_Historical Collections of the State of Pennsylvania  containing a copious select_1843.jpg|
11226358044 |001335586_02_000113_1_The Pictorial History of the United States of America  from the discovery by the_1843.jpg|
11226451393 |000550576_02_000248_1_The Pictorial History of France and of the French People     Enriched with     d_1843.jpg|
11226450663 |001941289_0_000391_2_The Land of Israel  according to the Covenant with Abraham  with Isaac  and with_1843.jpg|
11226363046 |003927275_01_000222_1_Modern Egypt and Thebes  being a description of Egypt  including the information_1843.jpg|
11226449573 |001335586_01_000335_1_The Pictorial History of the United States of America  from the discovery by the_1843.jpg|
11226355364 |000884734_0_000391_1_Historical Collections of the State of Pennsylvania  containing a copious select_1843.jpg|
11226334395 |000550576_02_000553_1_The Pictorial History of France and of the French People     Enriched with     d_1843.jpg|
11226354164 |001992215_0_000077_1_Day Dreams     With twenty illustrations     by H  Warren_1843.jpg|
11226353244 |000240048_0_000277_1_The Castles and Abbeys of England     Illustrated by     engravings_1843.jpg|
11226353124 |001335586_02_000048_1_The Pictorial History of the United States of America  from the discovery by the_1843.jpg|
11226332245 |000379833_0_000127_1_Notices  historical and antiquarian  of the Castle and Priory at Castleacre  in _1843.jpg|
11226352264 |000884734_0_000545_1_Historical Collections of the State of Pennsylvania  containing a copious select_1843.jpg|
11226331005 |000884734_0_000452_1_Historical Collections of the State of Pennsylvania  containing a copious select_1843.jpg|
11226357316 |000240048_0_000209_1_The Castles and Abbeys of England     Illustrated by     engravings_1843.jpg|
11226350064 |000876091_0_000213_1_[The Stranger s Guide through Cheltenham  containing an account of its mineral w_1843.jpg|
11226329545 |000550576_02_000171_1_The Pictorial History of France and of the French People     Enriched with     d_1843.jpg|
11226328515 |000884734_0_000234_1_Historical Collections of the State of Pennsylvania  containing a copious select_1843.jpg|
11226347354 |002901670_0_000226_1_Jamaica  its past and present state_1843.jpg|
11226326995 |000240048_0_000045_1_The Castles and Abbeys of England     Illustrated by     engravings_1843.jpg|
11226326345 |000550576_01_000101_1_The Pictorial History of France and of the French People     Enriched with     d_1843.jpg|
11226346174 |000240048_0_000020_1_The Castles and Abbeys of England     Illustrated by     engravings_1843.jpg|
11226342884 |003495414_01_000148_1_Incidents of Travel in Yucatan  etc_1843.jpg|
11226316726 |000240048_0_000316_1_The Castles and Abbeys of England     Illustrated by     engravings_1843.jpg|
11226405043 |000586465_0_000124_1_The Poetical Works of Thomas Campbell  Illustrated by twenty vignettes from desi_1843.jpg|
11226404473 |001571495_0_000176_1_A Week at Killarney_1843.jpg|
11226404003 |000240048_0_000139_1_The Castles and Abbeys of England     Illustrated by     engravings_1843.jpg|
11226403593 |000550576_02_000333_1_The Pictorial History of France and of the French People     Enriched with     d_1843.jpg|
11226304774 |000670015_0_000239_1_The Cape of Good Hope and the Eastern Province of Algoa Bay   c    c   with stat_1843.jpg|
11226237894 |000586465_0_000192_1_The Poetical Works of Thomas Campbell  Illustrated by twenty vignettes from desi_1843.jpg|
11226218315 |000550576_02_000418_1_The Pictorial History of France and of the French People     Enriched with     d_1843.jpg|
11226216845 |001346912_0_000108_1_The Gaberlunzie s Wallet  With numerous illustrations  etc  [By James Ballantino_1843.jpg|
11115251393 |000495545_01_000659_1_The Countries of the World  being a popular description of the various continent_1876.jpg|
11115062205 |000786113_0_000049_1_Eine Spazierfahrt im Golfe von Korinth  [By Louis Salvator  Archduke of Austria _1876.jpg|
11115122414 |002483175_09_000580_1_[Histoire de France  Deuxie me e dition ]_1876.jpg|
11115104956 |003055002_17_000251_1_Nouvelle Ge ographie universelle  La terre et les hommes  [With illustrations ]_1876.jpg|
11115060305 |003055002_09_000715_1_Nouvelle Ge ographie universelle  La terre et les hommes  [With illustrations ]_1876.jpg|
11115103836 |003045105_0_000070_1_Early Man in Europe      Illustrated_1876.jpg|
11115120104 |003979963_0_000024_1_Guide to the harbour  town    neighbourhood of Falmouth     illustrated_1876.jpg|
11115119804 |003055002_12_000055_1_Nouvelle Ge ographie universelle  La terre et les hommes  [With illustrations ]_1876.jpg|
11115118974 |001504704_0_000799_1_Ge ographie ge ne rale  physique  politique et e conomique      Avec     cartes _1876.jpg|
11115246113 |003896737_0_000087_1_Tropical Nature  an account of the most remarkable phenomena of life in the West_1876.jpg|
11115118184 |003055002_06_000755_1_Nouvelle Ge ographie universelle  La terre et les hommes  [With illustrations ]_1876.jpg|
11115117194 |000880676_0_000345_1_An Illustrated History of Missouri  Comprising its early record  and civil  poli_1876.jpg|
11115244683 |000576073_0_000235_1_Myrtle and Cypress  A tale of chequered life_1876.jpg|
11115099286 |002483175_05_000146_1_[Histoire de France  Deuxie me e dition ]_1876.jpg|
11115115954 |003409584_0_000117_1_A Hundred Wonders of the world in nature and art  Described according to the lat_1876.jpg|
11115114614 |003944097_0_000112_1_Rambles in Northern India  with incidents and descriptions of many scenes of the_1876.jpg|
11115242443 |003055002_11_000405_1_Nouvelle Ge ographie universelle  La terre et les hommes  [With illustrations ]_1876.jpg|
11115052885 |002942529_0_000048_1_Los Estados Unidos en cien an os  o Philadelphia en 1876  Guia general de la ciu_1876.jpg|
11115113434 |003055002_11_000562_1_Nouvelle Ge ographie universelle  La terre et les hommes  [With illustrations ]_1876.jpg|
11115051875 |001504704_0_000765_1_Ge ographie ge ne rale  physique  politique et e conomique      Avec     cartes _1876.jpg|
11115240203 |003933396_0_000030_1_The Pacific Tourist  Williams s Illustrated Trans Continental Guide of travel fr_1876.jpg|
11115110454 |001504704_0_000535_1_Ge ographie ge ne rale  physique  politique et e conomique      Avec     cartes _1876.jpg|
11115094306 |002108304_0_000127_1_La Gatine historique et monumentale      Ouvrage accompagne  d eaux fortes et de_1876.jpg|
11115093456 |000510824_02_000325_1_A Popular History of the United States from the first discovery of the western h_1876.jpg|
11115237343 |003055002_11_000159_1_Nouvelle Ge ographie universelle  La terre et les hommes  [With illustrations ]_1876.jpg|
11115048645 |002263901_0_000411_1_The American Centenary  a history of the progress of the Republic of the United _1876.jpg|
11115107414 |002897794_0_000070_1_Philadelphia and its environs  illustrated_1876.jpg|
11115047235 |001799677_0_000180_1_[Fated to be Free      Second edition ]_1876.jpg|
11115233703 |000495545_02_000289_1_The Countries of the World  being a popular description of the various continent_1876.jpg|
11115045725 |003055002_13_000139_1_Nouvelle Ge ographie universelle  La terre et les hommes  [With illustrations ]_1876.jpg|
11115104664 |001504704_0_000719_1_Ge ographie ge ne rale  physique  politique et e conomique      Avec     cartes _1876.jpg|
11115232323 |003055002_11_000439_1_Nouvelle Ge ographie universelle  La terre et les hommes  [With illustrations ]_1876.jpg|
11115231303 |001687573_0_000199_1_The Indian Alps and how we crossed them  being a narrative of two years  residen_1876.jpg|
11115085416 |003933746_0_000081_1_America Illustrated  Edited by J  D  Williams_1876.jpg|
11115229873 |000516000_0_000279_1_Pioneer History of Milwaukee  etc   vol  3  4  Milwaukee under the Charter   [Wi_1876.jpg|
11115229403 |000878150_0_000075_1_Spain     Illustrated by Gustave Dore   Translated by J  Thomson_1876.jpg|
11115101014 |003055002_13_000031_1_Nouvelle Ge ographie universelle  La terre et les hommes  [With illustrations ]_1876.jpg|
11115040085 |001862068_0_000203_1_Ginx s Baby      Thirty sixth edition  illustrated by F  Barnard_1876.jpg|
11115082336 |003099794_0_000167_1_The Lord s Land  a narrative of travels in Sinai     and Palestine  etc_1876.jpg|
11115099504 |003110131_01_000028_1_Life and Discoveries of David Livingstone     with     wood engravings  etc  The_1876.jpg|
11115226973 |003055002_09_000739_1_Nouvelle Ge ographie universelle  La terre et les hommes  [With illustrations ]_1876.jpg|
11115098114 |003944097_0_000050_1_Rambles in Northern India  with incidents and descriptions of many scenes of the_1876.jpg|
11115037975 |001520064_0_000257_1_Tyrol and the Tyrolese  the people and the land in their social  sporting  and m_1876.jpg|
11115097314 |003778903_0_000496_1_[Ge ographie illustre e de la France et de ses colonies     pre ce de e d une e _1876.jpg|
11115079246 |000880676_0_000197_1_An Illustrated History of Missouri  Comprising its early record  and civil  poli_1876.jpg|
11115096414 |000880676_0_000279_1_An Illustrated History of Missouri  Comprising its early record  and civil  poli_1876.jpg|
11115096064 |003055002_08_000921_1_Nouvelle Ge ographie universelle  La terre et les hommes  [With illustrations ]_1876.jpg|
11115077266 |000806925_0_000008_1_A General History of Greece from the earliest period to the death of Alexander t_1876.jpg|
11115222463 |002073651_0_000133_1_Das heutige Russland  Bilder und Schilderungen aus allen Theilen des Europa isch_1876.jpg|
11115221203 |001504704_0_001183_1_Ge ographie ge ne rale  physique  politique et e conomique      Avec     cartes _1876.jpg|
11115092564 |000495545_01_000417_1_The Countries of the World  being a popular description of the various continent_1876.jpg|
11115032275 |000787967_0_000026_1_The History of Pennsylvania from the Earliest Discovery to the Present Time  etc_1876.jpg|
11115091244 |003055002_09_000299_1_Nouvelle Ge ographie universelle  La terre et les hommes  [With illustrations ]_1876.jpg|
11115031125 |003055002_17_000397_1_Nouvelle Ge ographie universelle  La terre et les hommes  [With illustrations ]_1876.jpg|
11115073236 |001504704_0_000808_1_Ge ographie ge ne rale  physique  politique et e conomique      Avec     cartes _1876.jpg|
11115217713 |003055001_0_000761_1_Nouvelle Ge ographie universelle  La Terre et les hommes     Cartes et     gravu_1876.jpg|
11115029125 |003055001_0_000953_1_Nouvelle Ge ographie universelle  La Terre et les hommes     Cartes et     gravu_1876.jpg|
11115088414 |003055002_08_000495_1_Nouvelle Ge ographie universelle  La terre et les hommes  [With illustrations ]_1876.jpg|
11115027445 |003778903_0_000024_1_[Ge ographie illustre e de la France et de ses colonies     pre ce de e d une e _1876.jpg|
11115027165 |001862068_0_000242_1_Ginx s Baby      Thirty sixth edition  illustrated by F  Barnard_1876.jpg|
11115025795 |003055002_06_000185_1_Nouvelle Ge ographie universelle  La terre et les hommes  [With illustrations ]_1876.jpg|
11115025905 |003055002_16_000245_1_Nouvelle Ge ographie universelle  La terre et les hommes  [With illustrations ]_1876.jpg|
11115085024 |000880676_0_000661_1_An Illustrated History of Missouri  Comprising its early record  and civil  poli_1876.jpg|
11115084724 |003055002_12_000421_1_Nouvelle Ge ographie universelle  La terre et les hommes  [With illustrations ]_1876.jpg|
11115084214 |003055001_0_000743_1_Nouvelle Ge ographie universelle  La Terre et les hommes     Cartes et     gravu_1876.jpg|
11115083714 |003778903_0_000177_1_[Ge ographie illustre e de la France et de ses colonies     pre ce de e d une e _1876.jpg|
11115066136 |000495545_03_000400_1_The Countries of the World  being a popular description of the various continent_1876.jpg|
11115065086 |003055002_10_000323_1_Nouvelle Ge ographie universelle  La terre et les hommes  [With illustrations ]_1876.jpg|
11115210593 |000930640_03_000386_1_Works of Charles Dickens  New illustrated library edition  [With a preface to ea_1876.jpg|
11115081404 |001974025_0_000259_1_The World at Home  etc_1876.jpg|
11115064016 |003055002_16_000203_1_Nouvelle Ge ographie universelle  La terre et les hommes  [With illustrations ]_1876.jpg|
11115208043 |000878150_0_000465_1_Spain     Illustrated by Gustave Dore   Translated by J  Thomson_1876.jpg|
11115020175 |002483175_04_000106_1_[Histoire de France  Deuxie me e dition ]_1876.jpg|
11115207733 |002108304_0_000105_1_La Gatine historique et monumentale      Ouvrage accompagne  d eaux fortes et de_1876.jpg|
11115077984 |000495545_01_000207_1_The Countries of the World  being a popular description of the various continent_1876.jpg|
11115060496 |003695989_0_000023_1_The Centennial Northwest  An illustrated history of the Northwest      to the pr_1876.jpg|
11115016545 |000117698_0_000363_1_Monuments religieux  militaires et civils des Deux Se vres     Seconde e dition _1876.jpg|
11115204603 |003933396_0_000278_1_The Pacific Tourist  Williams s Illustrated Trans Continental Guide of travel fr_1876.jpg|
11115204073 |003055001_0_000194_1_Nouvelle Ge ographie universelle  La Terre et les hommes     Cartes et     gravu_1876.jpg|
11115074954 |003221218_0_000009_1_La fregate l Incomprise  Voyage autour du monde a  la plume par Sahib  [With ill_1876.jpg|
11115203413 |003055002_16_000039_1_Nouvelle Ge ographie universelle  La terre et les hommes  [With illustrations ]_1876.jpg|
11115013945 |001504704_0_000529_1_Ge ographie ge ne rale  physique  politique et e conomique      Avec     cartes _1876.jpg|
11115201603 |003695989_0_000127_1_The Centennial Northwest  An illustrated history of the Northwest      to the pr_1876.jpg|
11115013125 |003091868_0_000257_1_[Histoire de la Pre sidence de M  Thiers  livr  1 42 ]_1876.jpg|
11115011895 |004000334_0_000127_1_Wife No  19  or the story of a life in bondage  being a complete expose of Mormo_1876.jpg|
11115200153 |001504704_0_000455_1_Ge ographie ge ne rale  physique  politique et e conomique      Avec     cartes _1876.jpg|
11115053766 |001974025_0_000277_1_The World at Home  etc_1876.jpg|
11115070754 |000079249_0_000008_1_Mandalay to Momien  a narrative of the two Expeditions to Western China of 1868 _1876.jpg|
11115198293 |003110131_02_000193_1_Life and Discoveries of David Livingstone     with     wood engravings  etc  The_1876.jpg|
11115070014 |001520064_0_000233_1_Tyrol and the Tyrolese  the people and the land in their social  sporting  and m_1876.jpg|
11115008835 |001631486_0_000130_1_Reminiscences of Fen and Mere_1876.jpg|
11115051286 |002263901_0_000735_1_The American Centenary  a history of the progress of the Republic of the United _1876.jpg|
11115067614 |003055001_0_000934_1_Nouvelle Ge ographie universelle  La Terre et les hommes     Cartes et     gravu_1876.jpg|
11115050216 |001063696_0_000075_1_Portland and vicinity  Illustrated_1876.jpg|
11115251333 |000305730_0_000092_1_[The World s Inhabitants  or  Mankind  animals   plants     With     illustrations  etc ]_1890.jpg|
11115123314 |003274905_0_000053_1_Nervi und seine Umgebungen  Ein Handbuch fu r Gesunde und Kranke     Der botanische Theil  Einblick in die Vegetation von Nervi  von V  Fayod  etc_1890.jpg|
11115123254 |003226156_0_000016_1_La Seine a  travers Paris  Illustre e de     dessins     et de     compositions en couleurs par G  Fraipont_1890.jpg|
11115250693 |000263675_0_000011_1_Le Pays des Pharaons  [With illustrations ]_1890.jpg|
11115105316 |003414639_03_000026_1_The Riddle of Lawrence Haviland  A novel_1890.jpg|
11115250653 |000002921_0_000309_1_                                                           etc_1890.jpg|
11115250113 |001235829_0_000262_2_Norman Reid  M  A  [A tale ]_1890.jpg|
11115104806 |001930912_0_000218_2_The Witness Box  or  the murder of Mr  A  B  C   [A novel ] Seventh thousand  _1890.jpg|
11115104566 |001720046_0_000815_1_Von der Capstadt ins Land der Maschukulumbe  Reisen im su dlichen Afrika in den Jahren 1883 1887     Mit 205 Original Holzschnitten  etc_1890.jpg|
11115121484 |002212569_0_000631_3_Orient Line Guide     Fourth edition  revised  with maps and plans  Edited    by W  J  L_1890.jpg|
11115103816 |000915783_03_000048_1_A Daughter of the Pyramids_1890.jpg|
11115060465 |003694128_0_000152_1_Picnic  an illustrated guide to Ilfracombe and North Devon  with notes on Lynmouth  Clovelly  Lundy  etc_1890.jpg|
11115120954 |000078740_0_000357_1_Handbook to the Highland Railway     Season 1890  Ninth edition [of the work by G  and P  Anderson]  Revised and enlarged  By P  J  Anderson_1890.jpg|
11115248753 |004001624_0_000103_1_A Winter Tour in South Africa  etc_1890.jpg|
11115059935 |000490292_01_000181_1_Alas  A novel_1890.jpg|
11115120254 |001423178_0_000088_1_The Student s Geography     With     maps  etc_1890.jpg|
11115247873 |000760395_0_000120_1_Histoire de Saint Chamond et de la seigneurie de Jarez depuis les temps les plus recule s jusqu a  nos jours_1890.jpg|
11115120034 |000263675_0_000358_1_Le Pays des Pharaons  [With illustrations ]_1890.jpg|
11115119604 |001823010_0_000021_1_Prisoners of War and Military Prisons  Personal narratives     With a general ac_1890.jpg|
11115102216 |002035443_0_000270_1_Gems and Precious Stones of North America  A popular description of their occurr_1890.jpg|
11115058665 |001465074_0_000009_1_Budapest to rte nete     Ma sodik olcso  e s ke pekkel diszitett kiada s_1890.jpg|
11115246693 |001432464_01_000115_1_The Emancipated  A novel_1890.jpg|
11115118894 |000928320_0_000050_1_Expedic a o portugueza ao Muatia nvua  Ethnographia e historia tradicional dos povos da Lunda     Edic a o illustrada por H  Casanova  [With plates and maps ]_1890.jpg|
11115101546 002306933_0_000189_1_Bennachie_1890.jpg
11115057685 |002802701_0_000067_1_The Annals of the Parish of Swainswick  etc_1890.jpg|
11115245903 |001769127_0_000507_1_Hungary  [A guide book  By several authors ] With     illustrations  etc_1890.jpg|
11115245573 |000129019_01_000135_1_Social England under the Regency     With     illustrations_1890.jpg|
11115245143 |001882443_0_000003_1_Sir John of Lenahall  [In verse ]_1890.jpg|
11115244773 |001671636_01_000162_1_Mexico  Land und Leute  Reisen auf neuen Wegen durch das Aztekenland       Mit     Abbildungen  und einer Generalkarte Mexicos_1890.jpg|
11115244993 |002515403_0_000179_1_Un Viaggio a Ni as     Illustrato da     incisioni     e     carte geografiche  etc_1890.jpg|
11115117024 |000446325_0_000306_1_Musings in Maoriland     [In verse ] With an historical sketch by Sir Robert Stout and preface by Sir George Grey  Illustrated  etc_1890.jpg|
11115056235 |000854137_0_000056_1_The Cruise of the Royal Mail Steamer Dunottar Castle round Scotland on her trial trip_1890.jpg|
11115243963 |000760395_0_000735_2_Histoire de Saint Chamond et de la seigneurie de Jarez depuis les temps les plus recule s jusqu a  nos jours_1890.jpg|
11115244093 |001461218_0_000047_2_Nilfahrt  Mit     Illustrationen     von R  Mainella_1890.jpg|
11115115944 |000566643_0_000084_1_Des Batignolles au Bosphore_1890.jpg|
11115243323 |002367083_01_000046_2_One Another s Burdens  [A novel ]_1890.jpg|
11115054835 |003848687_0_000064_1_[Ely Cathedral ] Ward and Lock s Illustrated Historical Handbook to Ely Cathedral  With notices of its monastic buildings  etc_1890.jpg|
11115054255 |001235829_0_000231_1_Norman Reid  M  A  [A tale ]_1890.jpg|
11115114844 |001769127_0_000530_1_Hungary  [A guide book  By several authors ] With     illustrations  etc_1890.jpg|
11115114184 |001421224_0_000011_1_Songs of a Savoyard  [Lyrics from the operas by W  S  Gilbert  performed at the Savoy Theatre ]     Illustrated by the author_1890.jpg|
11115114164 |002326471_0_000053_1_The Story of Johnstown     Illustrated  etc_1890.jpg|
11115114004 |000566643_0_000345_1_Des Batignolles au Bosphore_1890.jpg|
11115241413 |000566643_0_000154_1_Des Batignolles au Bosphore_1890.jpg|
11115052785 |002398924_02_000105_1_An Australian girl  [By C  Martin ]_1890.jpg|
11115241233 |000928320_0_000229_1_Expedic a o portugueza ao Muatia nvua  Ethnographia e historia tradicional dos povos da Lunda     Edic a o illustrada por H  Casanova  [With plates and maps ]_1890.jpg|
11115240763 |001423178_0_000270_1_The Student s Geography     With     maps  etc_1890.jpg|
11115112994 |000078740_0_000014_1_Handbook to the Highland Railway     Season 1890  Ninth edition [of the work by G  and P  Anderson]  Revised and enlarged  By P  J  Anderson_1890.jpg|
11115052225 |002557392_0_000070_1_A Visit to the Transvaal  Barberton  Johannesberg and back     With a map_1890.jpg|
11115051685 |000715475_0_000014_1_The Austral Edition of the Selected Works of Marcus Clarke  together with a biography and monograph of the deceased author  compiled and edited by Hamilton Mackinnon  [With portraits ]_1890.jpg|
11115095216 |001435121_0_000008_2_The Union Steamship Co  s edition of Glanville s Guide to South Africa  includin_1890.jpg|
11115239933 |000409958_0_000186_1_Ablon sur Seine  Recherches historiques     Eaux fortes de     P  Gillard  etc_1890.jpg|
11115050945 |000044627_11_000275_2_The Aldine  O er Land and Sea   Library_1890.jpg|
11115051005 |003694128_0_000080_1_Picnic  an illustrated guide to Ilfracombe and North Devon  with notes on Lynmouth  Clovelly  Lundy  etc_1890.jpg|
11115094336 |002480628_0_000035_1_Venetia anticha   Officj e Regimenti che si fa  pel Maggior Consiglio si in Venetia come in mar e  terra ferma e per tutto el suo Stado e Prima   [Compiled by F  Miari ]_1890.jpg|
11115238943 |003692744_0_000231_1_Winning her Way  or  Left in Difficulties  [A tale ]_1890.jpg|
11115093756 |004006209_0_000585_1_Kongo Fahrten  [In verse ] Von Z    _1890.jpg|
11115238703 |001423178_0_000586_1_The Student s Geography     With     maps  etc_1890.jpg|
11115049755 |003844992_0_000077_1_In Tennyson Land  Being a brief account of the home and early surroundings of the Poet Laureate     With twelve plates_1890.jpg|
11115109754 |001214492_0_000174_2_In Fellowship  or  the possibilities of influence  [A story ] By the author of  Brotherhood  _1890.jpg|
11115049665 |001680261_0_000178_1_Notes by the Way  or  what I saw in my rambles_1890.jpg|
11115092166 |001493781_0_000089_1_Where to spend a Half Holiday  One hundred and eighty pleasant walks around Bradford     Illustrated_1890.jpg|
11115237403 |000044627_40_000344_1_The Aldine  O er Land and Sea   Library_1890.jpg|
11115091916 |002367083_01_000045_1_One Another s Burdens  [A novel ]_1890.jpg|
11115236813 |002706356_01_000162_1_[Cassell s Illustrated History of the Russo Turkish War  etc ]_1890.jpg|
11115048415 |000886231_0_000110_1_Betrayed by a Shadow  [A novel ]_1890.jpg|
11115236523 |002400049_0_000018_1_ Under the Gum Tree   Australian  Bush  Stories     Edited by Mrs  H  P  M   Seventh thousand  _1890.jpg|
11115107884 |003984874_0_000129_1_Tossed About  or  Through strange adventures to fortune_1890.jpg|
11115107754 |000879217_0_000005_1_ For so Little   The story of a crime_1890.jpg|
11115235763 |000928320_0_000398_1_Expedic a o portugueza ao Muatia nvua  Ethnographia e historia tradicional dos povos da Lunda     Edic a o illustrada por H  Casanova  [With plates and maps ]_1890.jpg|
11115047125 |001604445_0_000160_1_[Memorable London Houses  a handy guide  with     anecdotes and a reference plan     With     original illustrations from drawings made     by G  N  Martin ]_1890.jpg|
11115107024 |001269510_0_000012_1_Le vieux Lyon qui s en va  Quartier Gro le e  Texte et eaux fortes par Forest Fleury_1890.jpg|
11115234913 |003471490_0_000260_2_Exiles of Fortune  A tale of a far north land_1890.jpg|
11115089196 |001748058_0_000187_2_The Metallurgy of Steel  Vol  1_1890.jpg|
11115046325 |001461218_0_000285_1_Nilfahrt  Mit     Illustrationen     von R  Mainella_1890.jpg|
11115106054 |001913884_02_000039_1_Travels in Africa during the years 1875 1878  1879 1883 1882 1886      Translated from the German by A  H  Keane     Illustrated_1890.jpg|
11115045625 |002069462_0_000021_1_Ballads of the Brave  Poems of chivalry     courage and constancy     Selected and arranged by F  L      With notes_1890.jpg|
11115045115 |001215667_0_000165_1_A Fluttered Dovecote  [A novel ]     With illustrations by Gordon Browne_1890.jpg|
11115045065 |003761400_0_000583_1_La Sainte Russie  la cour  l arme e     et le peuple  Ouvrage contenant     chromolithographies et     gravures  etc_1890.jpg|
11115044915 |001954648_0_000024_1_Rollica Reed  [A tale ]     Illustrated  etc_1890.jpg|
11115086756 |003478854_0_000987_1_Stanley in Afrika s donkere wildernissen  etc  [Translated from  In Darkest Afrika  by H  Tiedeman ]_1890.jpg|
11115044455 |001461218_0_000117_12_Nilfahrt  Mit     Illustrationen     von R  Mainella_1890.jpg|
11115232633 |002302126_0_000012_1_New Monkland Parish  its history  industries  and people     With numerous portraits and prints from photographs_1890.jpg|
11115043805 |000760395_0_000125_1_Histoire de Saint Chamond et de la seigneurie de Jarez depuis les temps les plus recule s jusqu a  nos jours_1890.jpg|
11115103694 |001604445_0_000129_1_[Memorable London Houses  a handy guide  with     anecdotes and a reference plan     With     original illustrations from drawings made     by G  N  Martin ]_1890.jpg|
11115103434 |001493782_0_000066_1_Where to spend a Half Holiday  Pleasant walks around Bingley  Baildon     With a notice of Bradford  etc_1890.jpg|
11115085936 |000605981_02_000122_1_Lover or Friend _1890.jpg|
11115042805 |001461218_0_000148_4_Nilfahrt  Mit     Illustrationen     von R  Mainella_1890.jpg|
11115085076 |003478856_02_000307_2_Im dunkelsten Afrika     Aus dem Englischen von H  von Wobeser  etc_1890.jpg|
11115230643 |003274905_0_000030_1_Nervi und seine Umgebungen  Ein Handbuch fu r Gesunde und Kranke     Der botanische Theil  Einblick in die Vegetation von Nervi  von V  Fayod  etc_1890.jpg|
11115102074 |001006245_0_000391_1_A Social Departure  how Orthodocia and I went round the world by ourselves     With     illustrations  etc  [Reprinted from  The Lady s Pictorial  ]_1890.jpg|
11115041355 |002527933_0_000009_1_Des Andes au Para  E quateur  Pe rou  Amazone     Dessins de G  Profit_1890.jpg|
11115229323 |000091145_0_000099_1_Voices of the Wind  stories and allegories_1890.jpg|
11115083736 |000928320_0_000598_1_Expedic a o portugueza ao Muatia nvua  Ethnographia e historia tradicional dos povos da Lunda     Edic a o illustrada por H  Casanova  [With plates and maps ]_1890.jpg|
11115101274 |000210133_0_000081_1_The City of Dundee illustrated  containing reminiscences and remarks     relatin_1890.jpg|
11115100994 |002251621_0_000163_2_[Modern London  the World s Metropolis  An epitome of results  Business Men and Commercial Interests  Wealth and Growth  etc ]_1890.jpg|
11115083056 |000615204_0_000142_1_Del Atla ntico al Paci fico y un Argentino en Europa  Cartas de viaje  etc_1890.jpg|
11115082746 002466713_01_000153_1_Suspense_1890.jpg
11115100344 |002302126_0_000431_4_New Monkland Parish  its history  industries  and people     With numerous portraits and prints from photographs_1890.jpg|
11115082176 |002256592_0_000365_1_Histoire de la ville d Issoire_1890.jpg|
11115227413 |003897867_0_000036_2_Where to buy at Weston super Mare  An illustrated local trades  review  By the Editor of the  Agents  Guide      with illustrations of the West of England_1890.jpg|
11115081466 |001423178_0_000381_1_The Student s Geography     With     maps  etc_1890.jpg|
11115099314 |000554690_0_000017_1_Zig zag Journeys in the British Isles     Fully illustrated_1890.jpg|
11115226793 |002441148_0_000228_1_Just a Love Story     Illustrated_1890.jpg|
11115098774 |003220952_0_000266_1_Notizie storiche di Broni     con cenni relativi ai dintorni e particolarmente ai comuni di Stradella e di Barbianello_1890.jpg|
11115038365 |001461218_0_000139_1_Nilfahrt  Mit     Illustrationen     von R  Mainella_1890.jpg|
11115037945 |003848648_0_000040_1_[Carlisle Cathedral ] Ward and Lock s Illustrated Historical Handbook to Carlisle Cathedral  etc_1890.jpg|
11115080176 |003499688_0_000469_1_The Universal Mining Code for the use of mining companies  mining engineers     The Code words specially selected to comply with the Telegraph Convention rules  by G  Ager_1890.jpg|
11115098174 |001820534_0_000024_1_A Class Book of Geography      for intermediate and senior pupils_1890.jpg|
11115037185 |000760395_0_000639_1_Histoire de Saint Chamond et de la seigneurie de Jarez depuis les temps les plus recule s jusqu a  nos jours_1890.jpg|
11115225123 |003478859_0_000920_1_Nell Africa tenebrosa     Traduzione     di A  Massoni  etc_1890.jpg|
11115079516 |000566643_0_000250_1_Des Batignolles au Bosphore_1890.jpg|
11115224563 |000566643_0_000055_1_Des Batignolles au Bosphore_1890.jpg|
11115078996 |001765434_0_000012_1_The Gentleman who vanished  A psychological phantasy_1890.jpg|
11115224403 |001864717_0_000032_1_Der Schwarzwald     Mit Illustrationen von W  Hasemann  etc_1890.jpg|
11115036175 |001493781_0_000166_1_Where to spend a Half Holiday  One hundred and eighty pleasant walks around Bradford     Illustrated_1890.jpg|
11115223933 |000446325_0_000171_1_Musings in Maoriland     [In verse ] With an historical sketch by Sir Robert Stout and preface by Sir George Grey  Illustrated  etc_1890.jpg|
11115223833 |002530019_0_000256_1_Camp and Studio  [With illustrations by the author ]_1890.jpg|
11115035565 |000210133_0_000139_2_The City of Dundee illustrated  containing reminiscences and remarks     relatin_1890.jpg|
11115095444 |000928320_0_000798_1_Expedic a o portugueza ao Muatia nvua  Ethnographia e historia tradicional dos povos da Lunda     Edic a o illustrada por H  Casanova  [With plates and maps ]_1890.jpg|
11115095094 |000760395_0_000760_1_Histoire de Saint Chamond et de la seigneurie de Jarez depuis les temps les plus recule s jusqu a  nos jours_1890.jpg|
11115095164 |000715475_0_000246_1_The Austral Edition of the Selected Works of Marcus Clarke  together with a biography and monograph of the deceased author  compiled and edited by Hamilton Mackinnon  [With portraits ]_1890.jpg|
11115222303 |000889791_0_000073_1_[Sarah Deck s Victory  By the author of  Somebody and Nobody  [i e  Mary Louisa Searle]  etc ]_1890.jpg|
11115222163 |000928319_05_000330_1_Expedic a o portugueza ao Muatia nvua  Descripc a o da viagem a  Mussumba do Muatia nvua     Edic a o illustrada por H  Casanova  [With plates  including portraits and maps ] vol  1 3_1890.jpg|
11115033925 |003756325_0_000271_1_Au pays de Notre Seigneur  Etudes et impressions d un pe lerin_1890.jpg|
11115093974 |003471490_0_000287_1_Exiles of Fortune  A tale of a far north land_1890.jpg|
11115033405 |000854137_0_000094_2_The Cruise of the Royal Mail Steamer Dunottar Castle round Scotland on her trial trip_1890.jpg|
11115033175 |000225578_0_000370_1_Picturesque Dunedin     With a short historical account of the city     Edited by A  Bathgate  With illustrations_1890.jpg|
11115075726 |003848654_0_000054_1_[Chichester Cathedral ] Ward and Lock s Illustrated Historical Handbook to Chichester Cathedral  etc_1890.jpg|
11115032855 |001493781_0_000061_1_Where to spend a Half Holiday  One hundred and eighty pleasant walks around Bradford     Illustrated_1890.jpg|
11115092514 |001683847_0_000112_1_Guide to McBryde s River and Sea Trips from Plymouth     With     map and illustrations  First edition_1890.jpg|
11115075006 |003652261_0_000190_1_Through David s Realm     With     illustrations by the author_1890.jpg|
11115074906 |001421224_0_000088_1_Songs of a Savoyard  [Lyrics from the operas by W  S  Gilbert  performed at the Savoy Theatre ]     Illustrated by the author_1890.jpg|
11115219663 |003678808_01_000267_1_Madame Leroux  [A novel ]_1890.jpg|
11115219443 |001026231_0_000306_1_The History of the Ancient Parish of Sandbach  Co  Chester  including the two Chapelries of Holmes Chapel and Goostrey  etc_1890.jpg|
11115219263 |000913820_0_000007_1_The Uncollected Writings of Thomas De Quincey  With a preface and annotations by James Hogg_1890.jpg|
11115091144 |000033323_0_000135_1_Guide to North of Ireland  Giant s Causeway and Belfast  with history of Belfast_1890.jpg|
11115218833 |002515403_0_000661_2_Un Viaggio a Ni as     Illustrato da     incisioni     e     carte geografiche  etc_1890.jpg|
11115073666 |001215667_0_000134_1_A Fluttered Dovecote  [A novel ]     With illustrations by Gordon Browne_1890.jpg|
11115030625 |001214492_0_000387_1_In Fellowship  or  the possibilities of influence  [A story ] By the author of  Brotherhood  _1890.jpg|
11115073166 |002212569_0_000044_4_Orient Line Guide     Fourth edition  revised  with maps and plans  Edited    by W  J  L_1890.jpg|
11115090284 |000566643_0_000021_1_Des Batignolles au Bosphore_1890.jpg|
11115089904 |004001624_0_000089_1_A Winter Tour in South Africa  etc_1890.jpg|
11115217623 |002400049_0_000059_1_ Under the Gum Tree   Australian  Bush  Stories     Edited by Mrs  H  P  M   Seventh thousand  _1890.jpg|
11115029645 |001606235_01_000102_1_Two English Girls  [A novel ]_1890.jpg|
11115217113 |001215667_0_000274_1_A Fluttered Dovecote  [A novel ]     With illustrations by Gordon Browne_1890.jpg|
11115088724 |003848766_0_000048_1_[Norwich Cathedral ] Ward and Lock s Illustrated Historical Handbook to Norwich Cathedral  etc_1890.jpg|
11115216923 |001267912_0_000164_1_Miss Blake of Monkshalton  [A novel ]_1890.jpg|
11115028335 |000044627_09_000343_1_The Aldine  O er Land and Sea   Library_1890.jpg|
11115028235 |001461218_0_000187_3_Nilfahrt  Mit     Illustrationen     von R  Mainella_1890.jpg|
11115215763 |000599740_0_000067_1_Cape Town of To Day  First  third  fourth  issue_1890.jpg|
11115027625 |000044627_29_000142_1_The Aldine  O er Land and Sea   Library_1890.jpg|
11115215573 |000497993_0_000021_1_The Story of Hollingborne  its church and its clergy  with ten illustrations_1890.jpg|
11115087474 |002687714_0_000183_1_[Travels in Mexico and Life among the Mexicans     With 190 illustrations  etc ]_1890.jpg|
11115087264 |003652261_0_000306_1_Through David s Realm     With     illustrations by the author_1890.jpg|
11115087314 |002687714_0_000530_1_[Travels in Mexico and Life among the Mexicans     With 190 illustrations  etc ]_1890.jpg|
11115086904 |001471233_0_000221_1_Hebrew Captives of the Kings of Assyria  [A novel ]_1890.jpg|
11115026195 |000599740_0_000019_1_Cape Town of To Day  First  third  fourth  issue_1890.jpg|
11115026165 |002565335_0_000081_1_Didsbury  sketches  reminiscences  and legends     With illustrations_1890.jpg|
11115068996 |001573521_0_000496_2_A thousand miles on an elephant in the Shan States  [With maps and illustrations ]_1890.jpg|
11115068456 |000928320_0_000065_1_Expedic a o portugueza ao Muatia nvua  Ethnographia e historia tradicional dos povos da Lunda     Edic a o illustrada por H  Casanova  [With plates and maps ]_1890.jpg|
11115068436 |001954648_0_000076_1_Rollica Reed  [A tale ]     Illustrated  etc_1890.jpg|
11115068106 |003984874_0_000013_1_Tossed About  or  Through strange adventures to fortune_1890.jpg|
11115067716 |000928319_04_000280_1_Expedic a o portugueza ao Muatia nvua  Descripc a o da viagem a  Mussumba do Muatia nvua     Edic a o illustrada por H  Casanova  [With plates  including portraits and maps ] vol  1 3_1890.jpg|
11115212683 |003692744_0_000043_1_Winning her Way  or  Left in Difficulties  [A tale ]_1890.jpg|
11115024685 |001699034_0_000025_1_Elrad the Hic  A romance of the Sea of Galilee_1890.jpg|
11115212433 |004014489_0_000316_1_Callvucura  y la dinasti a de los Piedra     2a  edicio n_1890.jpg|
11115084194 |003499810_0_000010_1_Personal Recollections of Minnesota and its people  and early history of Minneapolis     With biographical memoranda and letters to Col  J  H  Stevens  selected by M  Robinson_1890.jpg|
11115066626 |001977179_0_000015_1_The Way to Victory  the life story of a brave boy  Edited by J  W  K_1890.jpg|
11115066266 |003360220_0_000097_1_An Actor s Daughter  [A tale ]_1890.jpg|
11115211393 |000605981_03_000067_1_Lover or Friend _1890.jpg|
11115022965 |001275889_0_000107_1_The Folks of Fernleigh  A country chronicle_1890.jpg|
11115210493 |001493781_0_000055_1_Where to spend a Half Holiday  One hundred and eighty pleasant walks around Bradford     Illustrated_1890.jpg|
11115210473 |000241553_0_000025_2_A History of Coggeshall  in Essex  With an account of its church     and biographical sketches of its most distinguished men and ancient families  including the family of Coggeshall  etc_1890.jpg|
11115081954 |002515403_0_000708_1_Un Viaggio a Ni as     Illustrato da     incisioni     e     carte geografiche  etc_1890.jpg|
11115021715 |000566643_0_000089_1_Des Batignolles au Bosphore_1890.jpg|
11115021505 |000886231_0_000088_1_Betrayed by a Shadow  [A novel ]_1890.jpg|
11115081274 |002302126_0_000286_1_New Monkland Parish  its history  industries  and people     With numerous portraits and prints from photographs_1890.jpg|
11115020905 |003881686_05_000007_1_Weltgeschichte     Dritte verbesserte Auflage   Fortgesetzt von Dr  Richard V  Kralik  Bd  23  etc  _1890.jpg|
11115020715 |001227577_0_000051_1_The Subaltern  the Policeman and the Little Girl  An Anglo Indian sketch  etc_1890.jpg|
11115080594 |002480628_0_000015_2_Venetia anticha   Officj e Regimenti che si fa  pel Maggior Consiglio si in Venetia come in mar e  terra ferma e per tutto el suo Stado e Prima   [Compiled by F  Miari ]_1890.jpg|
11115020265 |002583258_0_000029_2_Seaton  Beer  and neighbourhood     The valley of the Axe  etc  [With illustrations ]_1890.jpg|
11115080424 |002480628_0_000033_1_Venetia anticha   Officj e Regimenti che si fa  pel Maggior Consiglio si in Venetia come in mar e  terra ferma e per tutto el suo Stado e Prima   [Compiled by F  Miari ]_1890.jpg|
11115062406 |003692744_0_000223_2_Winning her Way  or  Left in Difficulties  [A tale ]_1890.jpg|
11115079784 |002511703_0_000043_1_La  Bas [i e  in Germany] et ailleurs  Pre face de Jacques St  Ce re  Dessins de Caran d Ache  etc_1890.jpg|
11115079864 |003471490_0_000295_1_Exiles of Fortune  A tale of a far north land_1890.jpg|
11115019005 |003043134_0_000177_1_O quae Mutatio Rerum  Reminiscenzen eines alten Jenensers  etc_1890.jpg|
11115061626 |003478855_02_000205_1_Dans les Te ne bres de l Afrique  Recherche  de livrance et retraite d Emin Pacha     Contenant     gravures     et     cartes  etc_1890.jpg|
11115018925 |000078740_0_000350_1_Handbook to the Highland Railway     Season 1890  Ninth edition [of the work by G  and P  Anderson]  Revised and enlarged  By P  J  Anderson_1890.jpg|
11115078774 |003119767_0_000041_1_[The Children of the Poets  An Anthology from English and American writers of three centuries  Edited  with an introduction  by Eric S  Robertson ]_1890.jpg|
11115061026 |001215667_0_000070_1_A Fluttered Dovecote  [A novel ]     With illustrations by Gordon Browne_1890.jpg|
11115206803 |001235829_0_000037_2_Norman Reid  M  A  [A tale ]_1890.jpg|
11115206403 |001421224_0_000142_1_Songs of a Savoyard  [Lyrics from the operas by W  S  Gilbert  performed at the Savoy Theatre ]     Illustrated by the author_1890.jpg|
11115206333 |000724638_01_000207_1_Le Canton de Conflans  ses villages et ses anciens seigneurs_1890.jpg|
11115206183 |003756325_0_000152_2_Au pays de Notre Seigneur  Etudes et impressions d un pe lerin_1890.jpg|
11115059746 |001866988_0_000063_1_Jersey illustrated  etc_1890.jpg|
11115059716 |002527933_0_000243_1_Des Andes au Para  E quateur  Pe rou  Amazone     Dessins de G  Profit_1890.jpg|
11115077294 |002975378_02_000054_1_The Failure of Elisabeth  [A novel ]_1890.jpg|
11115016425 |001758521_0_000358_1_A History of Windsor Forest  Sunninghill  and the Great Park  [With illustrations ]_1890.jpg|
11115016165 |001769127_0_000428_1_Hungary  [A guide book  By several authors ] With     illustrations  etc_1890.jpg|
11115076364 |003700264_0_000076_1_[Girlhood and Womanhood  the story of some fortunes and misfortunes ]_1890.jpg|
11115076324 |002421511_0_000098_1_A Guide Book to Appleby  in Westmorland  and its vicinity_1890.jpg|
11115058146 |000129019_02_000127_1_Social England under the Regency     With     illustrations_1890.jpg|
11115015175 |000586353_0_000071_1_Our Flag  or  the Evolution of the Stars and Stripes  etc_1890.jpg|
11115203463 |004001624_0_000019_1_A Winter Tour in South Africa  etc_1890.jpg|
11115075214 |000928319_01_000245_1_Expedic a o portugueza ao Muatia nvua  Descripc a o da viagem a  Mussumba do Muatia nvua     Edic a o illustrada por H  Casanova  [With plates  including portraits and maps ] vol  1 3_1890.jpg|
11115074924 |001674305_0_000192_1_The Heart of Sheba  being the Story of a Great Queen as told in the parchment of Arnath  the Queen s brother_1890.jpg|
11115202533 |000065748_0_000245_1_A Szahara ban  Utirajzok e s tanulma nyok   35 ke ppel  _1890.jpg|
11115074004 |002754769_02_000973_1_[Storia ecclesiastica e civile della regione piu  settentrionale del Regno di Napoli  detta dagli Antichi Praetutium  ne bassi tempi Aprutium oggi Citta  di Teramo  e diocesi Aprutina ]_1890.jpg|
11115202013 |001493781_0_000052_1_Where to spend a Half Holiday  One hundred and eighty pleasant walks around Bradford     Illustrated_1890.jpg|
11115073614 |004014489_0_000105_1_Callvucura  y la dinasti a de los Piedra     2a  edicio n_1890.jpg|
11115013175 |000881067_0_000106_1_Paul Creighton  A story_1890.jpg|
11115013145 |000305730_0_000165_1_[The World s Inhabitants  or  Mankind  animals   plants     With     illustrations  etc ]_1890.jpg|
11115012735 |002390788_02_000052_1_A Scarlet Sin  [A novel ]_1890.jpg|
11115012585 |002480628_0_000033_2_Venetia anticha   Officj e Regimenti che si fa  pel Maggior Consiglio si in Venetia come in mar e  terra ferma e per tutto el suo Stado e Prima   [Compiled by F  Miari ]_1890.jpg|
11115072614 |001235125_0_000203_1_To South Africa and back  being the narrative of a journey  etc  [With plates  including a portrait ]_1890.jpg|
11115072004 |000882992_0_000007_2_Geografi a elemental de la repu blica del Salvador_1890.jpg|
11115071894 |000928320_0_000058_1_Expedic a o portugueza ao Muatia nvua  Ethnographia e historia tradicional dos povos da Lunda     Edic a o illustrada por H  Casanova  [With plates and maps ]_1890.jpg|
11115054696 |001913884_03_000204_1_Travels in Africa during the years 1875 1878  1879 1883 1882 1886      Translated from the German by A  H  Keane     Illustrated_1890.jpg|
11115011265 |002035443_0_000093_1_Gems and Precious Stones of North America  A popular description of their occurr_1890.jpg|
11115011375 |001535254_0_000113_1_Kaiser Wilhelm s II  Reisen nach Norwegen in den Jahren 1889 und 1890     Mit     Heliogravu ren  etc_1890.jpg|
11115199603 |001493782_0_000027_1_Where to spend a Half Holiday  Pleasant walks around Bingley  Baildon     With a notice of Bradford  etc_1890.jpg|
11115010495 |002302126_0_000481_1_New Monkland Parish  its history  industries  and people     With numerous portraits and prints from photographs_1890.jpg|
11115010755 |000305729_0_000193_1_[The World s Inhabitants  or  Mankind  animals   plants     With     illustrations  etc ]_1890.jpg|
11115198903 |001573521_0_000105_1_A thousand miles on an elephant in the Shan States  [With maps and illustrations ]_1890.jpg|
11115052646 |000882992_0_000027_2_Geografi a elemental de la repu blica del Salvador_1890.jpg|
11115009895 |002975378_01_000163_1_The Failure of Elisabeth  [A novel ]_1890.jpg|
11115052486 |003848708_0_000008_1_[Hereford Cathedral ] Ward and Lock s Illustrated Historical Handbook to Hereford Cathedral  etc_1890.jpg|
11115052026 |001957326_0_000322_1_The Old Hall among the Water Meadows  [A tale ]_1890.jpg|
11115068814 |003848766_0_000052_1_[Norwich Cathedral ] Ward and Lock s Illustrated Historical Handbook to Norwich Cathedral  etc_1890.jpg|
11115051826 |001769127_0_000662_1_Hungary  [A guide book  By several authors ] With     illustrations  etc_1890.jpg|
11115008435 |000973285_0_000314_1_Gloriana  or  the Revolution of 1900  [A novel ]_1890.jpg|
11115068044 |003678808_01_000083_1_Madame Leroux  [A novel ]_1890.jpg|
11115050866 |002796285_0_000223_1_By Shannon Shore  A tale of modern Irish life_1890.jpg|
11115196383 |002807206_0_000053_1_Pe rigueux  Souvenirs historiques  biographiques  et arche ologiques_1890.jpg|
11115007315 |001680261_0_000056_1_Notes by the Way  or  what I saw in my rambles_1890.jpg|
11115195803 |001026231_0_000186_1_The History of the Ancient Parish of Sandbach  Co  Chester  including the two Chapelries of Holmes Chapel and Goostrey  etc_1890.jpg|
11218308053 |003424872_0_000267_1_A Yorkshireman s Trip to the United States and Canada     With     illustrations_1892.jpg|
11218187045 |002167334_18_000323_1_Thrilling Life Stories for the Masses_1892.jpg|
11218186325 |002035444_0_000027_1_Gems and precious stones of North America     Second edition  with appendix_1892.jpg|
11218185385 |003363586_0_000065_1_Sultan to Sultan  Adventures among the Masai and other tribes of East Africa  [I_1892.jpg|
11218304933 |003963151_0_000143_1_Geografi a y geologi a del Ecuador     Con     ilustraciones  etc_1892.jpg|
11218303623 |002167334_09_000210_1_Thrilling Life Stories for the Masses_1892.jpg|
11218178944 |000292922_07_000054_1_Autour de la Me diterrane e     Illustrations par A  Chapon  etc_1892.jpg|
11218297483 |001373075_0_000190_1_Negyve nezer me rtfo ld vitorla val e s go zzel  [Illustrated ]_1892.jpg|
11218176605 |003827942_01_000305_1_Die Kopien der Weltkarte des Museum Borgia  etc   Nachrichten von der Ko niglich_1892.jpg|
11218172154 |003969292_0_000205_1_[The Fate of Fenella  By Helen Mathers  Justin N  [sic] McCarthy  Mrs  Trollope _1892.jpg|
11218169185 |002274653_0_000111_1_A summer sojourn on the East Coast  By  Luberta      Part I      At Lowestoft  P_1892.jpg|
11218165284 |000411490_0_000010_1_A Book of Modern Ballads     By E  B  Browning     and others  Illustrated by A _1892.jpg|
11218283263 |002578512_0_000274_1_Lahore  its history     and antiquities  With an account of its modern instituti_1892.jpg|
11218162024 |002578512_0_000335_1_Lahore  its history     and antiquities  With an account of its modern instituti_1892.jpg|
11218172236 |000728550_0_000267_1_The Captain of the  Mary Rose   A tale of to morrow     Illustrated  etc_1892.jpg|
11218155785 |002167334_02_000127_1_Thrilling Life Stories for the Masses_1892.jpg|
11218153184 |003827942_02_000393_1_Die Kopien der Weltkarte des Museum Borgia  etc   Nachrichten von der Ko niglich_1892.jpg|
11218269953 |002300912_0_000349_1_The Memorial Story of America  comprising the important events  episodes  and in_1892.jpg|
11218268553 |002167334_03_000363_1_Thrilling Life Stories for the Masses_1892.jpg|
11218268133 |003126598_0_000016_1_The Illustrated Scottish Borders  historical  traditional and descriptive     Wi_1892.jpg|
11218162216 |002167334_08_000020_1_Thrilling Life Stories for the Masses_1892.jpg|
11218266473 |003827942_01_000054_1_Die Kopien der Weltkarte des Museum Borgia  etc   Nachrichten von der Ko niglich_1892.jpg|
11218144345 |001373075_0_000076_1_Negyve nezer me rtfo ld vitorla val e s go zzel  [Illustrated ]_1892.jpg|
11218142774 |003827942_02_000258_1_Die Kopien der Weltkarte des Museum Borgia  etc   Nachrichten von der Ko niglich_1892.jpg|
11218142184 |003973547_0_000088_1_The Past and Present of the Parish Church of Folkestone  Together with an accoun_1892.jpg|
11218131985 |002300912_0_000729_1_The Memorial Story of America  comprising the important events  episodes  and in_1892.jpg|
11218140726 |001584984_0_000441_1_Handley Cross  or  Mr  Jorrocks s Hunt  By the author of  Sponge s Sporting Tour_1892.jpg|
11218123545 |002167334_02_000068_1_Thrilling Life Stories for the Masses_1892.jpg|
11218241123 |002167334_22_000072_1_Thrilling Life Stories for the Masses_1892.jpg|
11218239263 |003827942_02_000036_1_Die Kopien der Weltkarte des Museum Borgia  etc   Nachrichten von der Ko niglich_1892.jpg|
11218117414 |002167334_10_000059_1_Thrilling Life Stories for the Masses_1892.jpg|
11218226833 |000495562_01_000092_1_The Story of Africa and its Explorers  [With plates and maps ]_1892.jpg|
11218120756 |003827942_02_000177_1_Die Kopien der Weltkarte des Museum Borgia  etc   Nachrichten von der Ko niglich_1892.jpg|
11218099344 |000242671_0_000133_1_Memorials of Old Chelsea  a new history of the village of palaces     With numer_1892.jpg|
11218082954 |003827942_02_000164_1_Die Kopien der Weltkarte des Museum Borgia  etc   Nachrichten von der Ko niglich_1892.jpg|
11218097466 |000353244_01_000227_1_Du Niger au golfe de Guine e  par le pays de Kong et le Mossi     1887 1889  Ouv_1892.jpg|
11218081504 |002270705_0_000121_1_Welsh Pictures drawn with Pen and Pencil     Edited by R  Lovett  with     illus_1892.jpg|
11218079774 |003525340_0_000071_1_The Great Streets of the World  By R  H  Davis  Andrew Lang  F  Sarcey  etc  Ill_1892.jpg|
11218087526 |003221572_0_000195_1_Farthest East  and South and West  Notes of a Journey Home through Japan  Austra_1892.jpg|
11223861634 |002706365_04_000031_1_[Cassell s Illustrated Universal History ]_1893.jpg|
11223852055 |001065565_0_000128_1_On English Lagoons  Being an account of the voyage of two amateur wherrymen on t_1893.jpg|
11223961673 |000975705_01_000310_1_History of the town of Hampton  New Hampshire  from its settlement in 1638 to th_1893.jpg|
11223875086 |001343351_0_000021_2_Record of Municipal Affairs in Sheffield     1843 to     1893  [With portraits a_1893.jpg|
11223858574 |001741395_0_000234_1_The Bristol Pike [Pennsylvania]_1893.jpg|
11223960283 |002097103_0_000029_1_Warblin s fro  an Owd Songster  With an introductory sketch by W  Trevor  [Illus_1893.jpg|
11223858184 |001013183_0_000049_1_Hollande et Hollandais d apre s nature     Ouvrage illustre   etc_1893.jpg|
11223873106 |001888839_0_000069_1_Reality versus Romance in South Central Africa  An account of a journey across t_1893.jpg|
11223872636 |003326759_0_000443_1_[Chicago  die Geschichte einer Wunderstadt ] Chicago  the Wonder City_1893.jpg|
11223872376 |001184742_0_000132_1_[The Buccaneers and Marooners of America     Edited by H  Pyle  [Containing The _1893.jpg|
11223957823 |003688769_0_000036_1_Souvenir de Tunis  Notice ge ne rale sur la Tunisie     Descriptions  m urs  et _1893.jpg|
11223871596 |001202350_0_000378_1_Through the Wilds  A record of sport and adventure in the forests of New Hampshi_1893.jpg|
11223855744 |003326759_0_000395_1_[Chicago  die Geschichte einer Wunderstadt ] Chicago  the Wonder City_1893.jpg|
11223846855 |001988843_0_000429_1_Where Three Empires Meet  a narrative of recent travel in Kashmir  Western Tibet_1893.jpg|
11223870306 |001474068_0_000329_1_Tableaux de Paris     Paris qui consomme  Dessins de P  Vidal_1893.jpg|
11223854274 |001246166_0_000169_1_London City Suburbs as they are to day     Illustrated by W  Luker     from orig_1893.jpg|
11223955183 |000754617_0_000112_1_Greater Bristol  By Lesser Columbus  [With illustrations ]_1893.jpg|
11223844855 |003969346_0_000128_1_Through Matabeleland  the record of a ten months  trip in an ox wagon through Ma_1893.jpg|
11223844655 |000231816_0_000031_1_De Carthage au Sahara_1893.jpg|
11223954133 |003566043_01_000879_1_Die wissenschaftlichen Ergebnisse der Reise des Grafen Be la Sze chenyi in Ostas_1893.jpg|
11223852154 |000728557_0_000053_1_The Great Peril and how it was averted     Reprinted from  Black and White   [A _1893.jpg|
11223953733 |001437541_0_000220_1_Six years of adventure in Congoland     With an introduction by H  M  Stanley  I_1893.jpg|
11223953633 |001565531_02_000058_1_Voyages of the Elizabethan Seamen to America     Edited by E  J  Payne     Secon_1893.jpg|
11223952433 |002491589_0_000106_1_Byeways in the Southern Alps  etc_1893.jpg|
11223952213 |002687703_0_000073_1_In the Wake of Columbus  Adventures of the Special Commissioner sent by the Worl_1893.jpg|
11223860746 |002622189_0_000023_1_Flowers I bring and Songs I sing     Poems by E  Bland  H  M  Burnside  A  Scane_1893.jpg|
11223850214 |002339734_0_000025_1_Unsere Schutztruppe in Ostafrika     Mit 34 Illustrationen  etc_1893.jpg|
11223840695 |000676234_0_000039_2_Cheltenham  the Garden Town of England   Third edition  _1893.jpg|
11223840445 |002472561_0_000267_1_Heroes of South African Discovery     Fourth edition_1893.jpg|
11223949913 |002255503_0_000051_1_The Golden Transvaal  an illustrated review  descriptive  historical  etc_1893.jpg|
11223839225 |002622231_0_000012_2_Our Friends and all about them  [In verse ]_1893.jpg|
11223847034 |002497492_0_000263_1_The Danube  from the Black Forest to the Black Sea  etc_1893.jpg|
11223847214 |000973604_02_000288_1_Bombay and Western India  A series of stray papers_1893.jpg|
11223861446 |002056259_0_000177_1_La France et ses colonies au XIXe sie cle     Ouvrage illustre   etc_1893.jpg|
11223836985 |000014984_0_000156_1_The Bow and the Sword  A romance     Illustrated  etc_1893.jpg|
11223946723 |002731511_0_000377_1_The Fifth Gospel  the land where Jesus lived_1893.jpg|
11223860026 |000931072_17_000503_1_The Letters of Charles Dickens  Edited by his sister in law and his eldest daugh_1893.jpg|
11223859706 |001013183_0_000087_1_Hollande et Hollandais d apre s nature     Ouvrage illustre   etc_1893.jpg|
11223843694 |003562864_0_000087_1_Days spent on a Doge s Farm  [Illustrated ]_1893.jpg|
11223944893 |001382291_0_000059_1_The History of a Village Community in the Eastern Counties  Methwold       Illus_1893.jpg|
11223858436 |000495550_01_000760_1_[Our Earth and its Story  a popular treatise on physical geography  Edited by R _1893.jpg|
11223858106 |001939565_0_000299_1_In Arctic Seas  The voyage of the  Kite  with the Peary expedition together with_1893.jpg|
11223857906 |003969346_0_000104_1_Through Matabeleland  the record of a ten months  trip in an ox wagon through Ma_1893.jpg|
11223833365 |000754259_0_000086_1_British Columbia  its present resources and future possibilities  etc  [With ill_1893.jpg|
11220843715 |000798311_0_000547_1_Chez nos Indiens  Quatre anne es dans la Guyane franc aise  1887 1891  Ouvrage c_1893.jpg|
11220950643 |002816860_0_000073_1_Pennsylvania Railroad to the Columbian Exposition  with descriptive notes of    _1893.jpg|
11220845194 |000754259_0_000090_1_British Columbia  its present resources and future possibilities  etc  [With ill_1893.jpg|
11220949063 |000931567_0_000009_1_The Personal History of David Copperfield_1893.jpg|
11220859046 |000932276_0_000089_1_The Posthumous Papers of the Pickwick Club  [With plates ]_1893.jpg|
11220840235 |002706365_03_000557_1_[Cassell s Illustrated Universal History ]_1893.jpg|
11220857386 |002807191_0_000090_1_The Pecos Valley  the Fruit Belt of New Mexico  [Illustrated ]_1893.jpg|
11220857036 |002706365_03_000587_1_[Cassell s Illustrated Universal History ]_1893.jpg|
11220842014 |000751301_0_000184_1_The Great War of 189   A forecast  By Rear Admiral P  Colomb  Colonel J  F  Maur_1893.jpg|
11220837795 |001202350_0_000342_1_Through the Wilds  A record of sport and adventure in the forests of New Hampshi_1893.jpg|
11220837365 |001988844_0_000239_1_Where Three Empires meet     Third edition_1893.jpg|
11220944203 |000188899_0_000287_1_Resources and Development of Mexico  [With plates ]_1893.jpg|
11220942933 |000511154_0_000373_1_Gun and Camera in Southern Africa     With numerous illustrations and a map_1893.jpg|
11220838584 |000798311_0_000339_1_Chez nos Indiens  Quatre anne es dans la Guyane franc aise  1887 1891  Ouvrage c_1893.jpg|
11220834525 |002140656_0_000231_1_Au Kilima Ndjaro  Afrique orientale      Illustre  de 4 cartes et de 89 gravures_1893.jpg|
11220836684 |002797312_01_000381_1_Ethnographie Nordost Afrikas_1893.jpg|
11220938553 |003830256_0_000169_1_Rugby  past and present  with an historical account of neighbouring parishes  [W_1893.jpg|
11220847056 |001890795_0_000072_1_Joliette illustre   Nume ro souvenir de ces noces d or  1843 1893_1893.jpg|
11220832844 |001661826_0_000094_1_The Crime of a Christmas Toy  A detective story  etc_1893.jpg|
11220831684 |003566043_01_000580_1_Die wissenschaftlichen Ergebnisse der Reise des Grafen Be la Sze chenyi in Ostas_1893.jpg|
11220828235 |002816860_0_000057_1_Pennsylvania Railroad to the Columbian Exposition  with descriptive notes of    _1893.jpg|
11220838626 |000754617_0_000067_1_Greater Bristol  By Lesser Columbus  [With illustrations ]_1893.jpg|
11220824634 |000307469_0_000066_1_Home Geography of England and Wales     With     maps  etc_1893.jpg|
11220832556 |001570234_0_000027_1_Nursery Songs  [Edited and] illustrated by J  Hall_1893.jpg|
11220814155 |000495550_02_000139_1_[Our Earth and its Story  a popular treatise on physical geography  Edited by R _1893.jpg|
11220811965 |002811291_0_000083_1_Outlines of Roman History     With maps_1893.jpg|
11220804015 |001602143_0_000155_1_A Journey through the Yemen  and some general remarks upon that country     Illu_1893.jpg|
11220791105 |003137088_0_000268_1_Mexico  Si  Sen or  [An account of a tour through the country  Illustrated ]_1893.jpg|
11220789725 |000773378_0_000007_1_[Cook s Handbook for London  With two maps ]_1893.jpg|
11220786714 |001628493_0_000209_1_Overzicht der algemeene en vaderl  geschiedenis  met 20 historische Kaarten  voo_1893.jpg|
11220796866 |001748678_0_000043_1_Icelandic Pictures drawn with pen and pencil     with a map and     illustration_1893.jpg|
11220779615 |002332451_0_000318_1_Glimpses of Church and Social Life in the Highlands in Olden Times  and other pa_1893.jpg|
11220792116 |002757962_0_000291_1_The Colliery Manager s Handbook     Second edition  revised  with additions_1893.jpg|
11220883353 |002797312_01_000373_1_Ethnographie Nordost Afrikas_1893.jpg|
11220773085 |003566043_03_000417_1_Die wissenschaftlichen Ergebnisse der Reise des Grafen Be la Sze chenyi in Ostas_1893.jpg|
11220786806 |001638791_0_000189_1_The Arctic Problem and Narrative of the Peary Relief Expedition of the Academy o_1893.jpg|
11220872863 |001092605_0_000257_1_Admiralty Manual for the Deviations of the Compass  Originally edited in 1862 by_1893.jpg|
11220776346 |003078546_0_000286_1_Diamonds and Gold in South Africa     With maps  etc_1893.jpg|
11220865243 |001092544_0_000034_1_The West India Pilot  vol  I      Fifth edition [by C  H  C  Langdon]_1893.jpg|
11220862103 |000495550_02_000214_1_[Our Earth and its Story  a popular treatise on physical geography  Edited by R _1893.jpg|
11220752194 |002687703_0_000521_1_In the Wake of Columbus  Adventures of the Special Commissioner sent by the Worl_1893.jpg|
11220746314 |000114764_0_000014_1_Le Sud oranais     Avec une carte     Treize mois de colonnes pendant l insurrec_1893.jpg|
11220846403 |003250527_0_000601_1_                                                                 etc_1893.jpg|
11220736555 |003439115_0_000027_1_[Outlines of Geography for the use of lower and middle forms of schools and of c_1893.jpg|
11220838973 |001618386_0_000048_1_Die alte Geschichte Ka rntens von der Urzeit bis Kaiser Karl dem Grossen  etc_1893.jpg|
11220730254 |001059481_0_000117_1_Seen in Three Days  Written [in verse]  drawn   tinted by E  J  Ellis_1893.jpg|
11220728335 |001795669_0_000303_1_A Manual of the Geology of India     Second edition     largely rewritten by R  _1893.jpg|
11220727724 |001628492_0_000045_1_Overzicht der algemeene en vaderl  geschiedenis  met 20 historische Kaarten  voo_1893.jpg|
11220833333 |001842020_0_000207_1_Leerboek der Aardsrijkskunde  Met Schetskaartjes  etc_1893.jpg|
11220739096 |003055007_0_000459_1_Colombia  [Being a portion of the author s  Nouvelle Ge ographie universelle  ] _1893.jpg|
11220820683 |000495550_01_000067_1_[Our Earth and its Story  a popular treatise on physical geography  Edited by R _1893.jpg|
11220714454 |000229856_0_000039_1_Cha teau de La Rochefoucauld en Angoumois  Notice historique  essai de restituti_1893.jpg|
11220709585 |003412848_0_000007_1_[The Struggles and Adventures of Christopher Tadpole at home and abroad  Illustr_1893.jpg|
11220724856 |002757962_0_000186_1_The Colliery Manager s Handbook     Second edition  revised  with additions_1893.jpg|
11220709634 |002019540_02_000044_1_Die geschichtliche Entwickelung der     Residenzstadt Dresden     Mit     Illust_1893.jpg|
11220702335 |001758763_0_000415_1_A Text Book of Coal Mining     Second edition  etc_1893.jpg|
11220700144 |001059481_0_000121_1_Seen in Three Days  Written [in verse]  drawn   tinted by E  J  Ellis_1893.jpg|
11220685735 |001674134_01_000243_1_The Isle of Bute in the Olden Time  With illustrations  etc_1893.jpg|
11220791603 |002757962_0_000216_1_The Colliery Manager s Handbook     Second edition  revised  with additions_1893.jpg|
11220685504 |001092605_0_000251_1_Admiralty Manual for the Deviations of the Compass  Originally edited in 1862 by_1893.jpg|
11220683865 |001484788_0_000149_1_ S Gravenhage in onzen tijd     Met 80 illustratie n  etc_1893.jpg|
11220684234 |003566043_01_000847_1_Die wissenschaftlichen Ergebnisse der Reise des Grafen Be la Sze chenyi in Ostas_1893.jpg|
11220692896 |000773378_0_000010_1_[Cook s Handbook for London  With two maps ]_1893.jpg|
11220674355 |003326759_0_000239_1_[Chicago  die Geschichte einer Wunderstadt ] Chicago  the Wonder City_1893.jpg|
11220673574 |000207716_0_000109_1_From Whose Bourne  etc  [Three tales ]_1893.jpg|
11220670365 |001059481_0_000123_1_Seen in Three Days  Written [in verse]  drawn   tinted by E  J  Ellis_1893.jpg|
11220668135 |002363802_0_000182_1_The Legend of Maandoo  [In verse ] By the Author of  Prometheus  Daughter       _1893.jpg|
11220667655 |000588480_0_000280_1_Soave e il suo castello  Monografia illustrata  etc_1893.jpg|
11220668954 |002002032_0_000633_1_Das Herzogthum Oldenburg in seiner wirthschaftlichen Entwickelung wa hrend der l_1893.jpg|
11220678276 |002332451_0_000375_1_Glimpses of Church and Social Life in the Highlands in Olden Times  and other pa_1893.jpg|
11220657915 |000676234_0_000056_2_Cheltenham  the Garden Town of England   Third edition  _1893.jpg|
11220756963 |000355972_0_000057_1_Boating in Bavaria  Austria  and Bohemia  down the Danube  Moldau and Elbe  By R_1893.jpg|
11220643354 |003804247_0_000219_1_A hrenlese_1893.jpg|
11220639524 |002363802_0_000178_1_The Legend of Maandoo  [In verse ] By the Author of  Prometheus  Daughter       _1893.jpg|
11220652856 |001741395_0_000088_1_The Bristol Pike [Pennsylvania]_1893.jpg|
11220650616 |001202350_0_000372_1_Through the Wilds  A record of sport and adventure in the forests of New Hampshi_1893.jpg|
11220630114 |003622617_0_000127_1_In the Track of the Sun  readings from the diary of a globe trotter     With ill_1893.jpg|
11220628765 |001968597_0_000767_1_King s Handbook of New York City  An outline history and description of the Amer_1893.jpg|
11220642456 |001968597_0_000173_1_King s Handbook of New York City  An outline history and description of the Amer_1893.jpg|
11220627384 |000685214_0_000227_1_The Praise of Paris     Illustrated_1893.jpg|
11220732743 |001813578_0_000133_1_A Handbook of Iowa     [Edited by] C  Ashton  J  O  Crosby and J  W  Jarnagin  e_1893.jpg|
11220730343 |001764702_0_000083_2_In the Redwood s Realm  By ways of wild Nature and highways of industry     in H_1893.jpg|
11220622195 |001246166_0_000283_1_London City Suburbs as they are to day     Illustrated by W  Luker     from orig_1893.jpg|
11220721493 |003326759_0_000387_1_[Chicago  die Geschichte einer Wunderstadt ] Chicago  the Wonder City_1893.jpg|
11220610285 |001476894_0_000441_1_La France pittoresque  Ouvrage illustre   etc_1893.jpg|
11220716693 |001246166_0_000115_1_London City Suburbs as they are to day     Illustrated by W  Luker     from orig_1893.jpg|
11220608515 |001813578_0_000141_1_A Handbook of Iowa     [Edited by] C  Ashton  J  O  Crosby and J  W  Jarnagin  e_1893.jpg|
11220715113 |002706365_04_000010_1_[Cassell s Illustrated Universal History ]_1893.jpg|
11220622246 |000360874_0_000006_1_A House hunter in Europe_1893.jpg|
11220621616 |002706365_01_000250_1_[Cassell s Illustrated Universal History ]_1893.jpg|
11220603045 |002363802_0_000100_1_The Legend of Maandoo  [In verse ] By the Author of  Prometheus  Daughter       _1893.jpg|
11220600135 |001476894_0_000313_1_La France pittoresque  Ouvrage illustre   etc_1893.jpg|
11220598285 |000723431_0_000357_1_Ethnographische beschrijving van de West  en Noordkust von Nederlandsch Nieuw Gu_1893.jpg|
11226480613 |000011361_0_000419_1_Tirol und Vorarlberg     Mit     einer Karte  zahlreichen Illustrationen  etc_1894.jpg|
11226385364 |000495547_06_000117_1_[The Countries of the World  being a popular description of the various continen_1894.jpg|
11226364815 |000876824_0_000008_1_Dolomite Strongholds  The last untrodden Alpine peaks     With map and illustrat_1894.jpg|
11226364015 |003514223_0_000055_1_Woods and Dales of Derbyshire  [With plates ]_1894.jpg|
11226478053 |001237471_0_000605_1_Kuvallinen Suomen historia vanhimmista ajoista nykyaikaan saakka_1894.jpg|
11226477803 |002212570_0_000433_1_Orient Line Guide  etc   Fifth edition  re written  _1894.jpg|
11226363415 |003416887_0_000641_1_[Illustrated British Ballads  old and new  Selected and edited by G  B  Smith ]_1894.jpg|
11226381904 |000011361_0_000443_1_Tirol und Vorarlberg     Mit     einer Karte  zahlreichen Illustrationen  etc_1894.jpg|
11226382304 |000510822_02_000434_1_[Picturesque America  or  the Land we live in  A delineation by pen and pencil o_1894.jpg|
11226388906 |003490410_0_000317_1_Unter den Naturvo lkern Zentral Brasiliens  Reisechilderung und Ergebnisse der z_1894.jpg|
11226362025 |002267419_0_000136_1_The Gates of Thibet  A bird s eye view of Independent Sikkhim  British Bhootan a_1894.jpg|
11226387656 |003382632_0_000422_1_The Gazetteer of Sikhim  With an introduction by H  H  Risley     Edited in the _1894.jpg|
11226473743 |003128573_0_000271_1_Description hydrographique de l Escaut depuis son embouchure jusqu a  Anvers  [W_1894.jpg|
11226360575 |002212570_0_000065_1_Orient Line Guide  etc   Fifth edition  re written  _1894.jpg|
11226474493 |002587500_0_000099_1_Pictorial Tour Round India     Fourth edition_1894.jpg|
11226473243 |000495547_04_000068_2_[The Countries of the World  being a popular description of the various continen_1894.jpg|
11226386006 |000495547_05_000211_1_[The Countries of the World  being a popular description of the various continen_1894.jpg|
11226385426 |000992037_0_000281_1_Zig Zags en Bretagne  etc  [Illustrated ]_1894.jpg|
11226471773 |003775163_0_000453_1_Verdens Storbyer  [Translated from  Les Capitales du monde  ] Paa Dansk af P  Na_1894.jpg|
11226357445 |003355342_01_000287_1_The United States of America  A study of the American Commonwealth  its natural _1894.jpg|
11226377354 |000209481_0_000103_1_[Sonnets  By E  B  B  [i e  Elizabeth Barrett Browning ] [Purporting to be the f_1894.jpg|
11226377124 |003580132_0_000207_1_Grand Dictionnaire historique  ge ne alogique et biographique de la Haute Marche_1894.jpg|
11226376064 |003416887_0_000531_1_[Illustrated British Ballads  old and new  Selected and edited by G  B  Smith ]_1894.jpg|
11226356205 |001365066_02_000279_1_History of the Great Civil War  1642 1649_1894.jpg|
11226468993 |002126093_0_000111_1_Congo et Belgique  a  propos de l Exposition d Anvers_1894.jpg|
11226382236 |003128573_0_000266_1_Description hydrographique de l Escaut depuis son embouchure jusqu a  Anvers  [W_1894.jpg|
11226381316 |000011361_0_000337_1_Tirol und Vorarlberg     Mit     einer Karte  zahlreichen Illustrationen  etc_1894.jpg|
11226353665 |000958235_0_000206_1_When Life is Young  a collection of verse for boys and girls_1894.jpg|
11226380906 |001488114_01_001015_1_British Battles on Land and Sea  With numerous illustrations_1894.jpg|
11226353195 |001480626_01_000103_1_Az 1848 49 iki magyar szabadsa gharcz to rte nete  [With illustrations ]_1894.jpg|
11226353165 |003900291_01_000047_1_Under the Red Robe_1894.jpg|
11226379526 |003128573_0_000311_1_Description hydrographique de l Escaut depuis son embouchure jusqu a  Anvers  [W_1894.jpg|
11226465683 |001780548_0_000111_1_The Liberation of Bulgaria  War notes in 1877     With illustrations and maps_1894.jpg|
11226351595 |003120574_02_000147_1_Robertson s Landmarks of Toronto  A collection of historical sketches of the old_1894.jpg|
11226464763 |002706361_0_000883_1_Cassell s History of the War between France and Germany_1894.jpg|
11226371004 |003775163_0_000119_1_Verdens Storbyer  [Translated from  Les Capitales du monde  ] Paa Dansk af P  Na_1894.jpg|
11226370874 |000650155_0_000190_1_Dijon  Monuments et souvenirs     Ouvrage illustre  de 140 photogravures  etc_1894.jpg|
11226350185 |001265967_0_000044_1_History of the Parish Church of Saint Michael and All Angels  Chipping Lambourn_1894.jpg|
11226349165 |002706361_0_000738_1_Cassell s History of the War between France and Germany_1894.jpg|
11226376566 |000265548_0_000699_1_[Il Castello di Milano sotto il dominio degli Sforza MCCCLMDXXXV  [With plates ]_1894.jpg|
11226369664 |002706361_0_000942_1_Cassell s History of the War between France and Germany_1894.jpg|
11226369054 |003775163_0_000043_1_Verdens Storbyer  [Translated from  Les Capitales du monde  ] Paa Dansk af P  Na_1894.jpg|
11226347745 |000912418_0_000244_1_The Making of Birmingham  being a history of the rise and growth of the Midland _1894.jpg|
11226374486 |000510822_01_000460_1_[Picturesque America  or  the Land we live in  A delineation by pen and pencil o_1894.jpg|
11226374156 |000495547_05_000123_1_[The Countries of the World  being a popular description of the various continen_1894.jpg|
11226373716 |003120574_01_000098_1_Robertson s Landmarks of Toronto  A collection of historical sketches of the old_1894.jpg|
11226345025 |002531611_0_000071_1_The Land of the Sphinx     With     illustrations  etc_1894.jpg|
11226459843 |002873575_0_000121_1_Venezia     Adapted from the German by Mrs  Arthur Bell     With an introduction_1894.jpg|
11226345045 |002212570_0_000109_1_Orient Line Guide  etc   Fifth edition  re written  _1894.jpg|
11226458223 |000510822_01_000515_1_[Picturesque America  or  the Land we live in  A delineation by pen and pencil o_1894.jpg|
11226343415 |001488114_02_000044_1_British Battles on Land and Sea  With numerous illustrations_1894.jpg|
11226363524 |000302608_0_000061_1_[London     With     illustrations ]_1894.jpg|
11226343335 |003488149_0_000326_1_Fra det moderne England  I Dansk bearbejdelse ved A  Ipsen  Med talrige illustra_1894.jpg|
11226456283 |003555240_0_000165_1_Va rt Folk  verklighetsbilder ur svenskt folklif     Tecknade med penna och pens_1894.jpg|
11226362154 |001970460_08_000008_1_[The Novels of Henry Kingsley  Edited by C  K  Shorter ]_1894.jpg|
11226368166 |002706361_0_000513_1_Cassell s History of the War between France and Germany_1894.jpg|
11226340955 |001480626_01_000075_1_Az 1848 49 iki magyar szabadsa gharcz to rte nete  [With illustrations ]_1894.jpg|
11226454403 |002873575_0_000097_1_Venezia     Adapted from the German by Mrs  Arthur Bell     With an introduction_1894.jpg|
11226339855 |001488114_01_000561_1_British Battles on Land and Sea  With numerous illustrations_1894.jpg|
11226339795 |002816939_0_000038_1_Illustrated Penny Tales  From the  Strand  Library  no  1 10_1894.jpg|
11226339315 |002126093_0_000236_1_Congo et Belgique  a  propos de l Exposition d Anvers_1894.jpg|
11226452353 |001616963_0_000113_1_Vergleichende Erdkunde und alttestamentliche geographische Weltgeschichte  Mit z_1894.jpg|
11226338185 |000495547_02_000348_1_[The Countries of the World  being a popular description of the various continen_1894.jpg|
11226338255 |002565338_0_000203_1_A History of the Old Parish of Cheadle  in Cheshire     Also an account of the h_1894.jpg|
11226451133 |002740789_0_000183_1_Diamond Rock  or  On the right track  [A tale ]_1894.jpg|
11226337505 |002706361_0_001080_1_Cassell s History of the War between France and Germany_1894.jpg|
11226363306 |000011361_0_000059_1_Tirol und Vorarlberg     Mit     einer Karte  zahlreichen Illustrationen  etc_1894.jpg|
11226356154 |001488114_02_000969_1_British Battles on Land and Sea  With numerous illustrations_1894.jpg|
11226354764 |001521309_02_000119_1_Ordnance Gazetteer of Scotland     New edition  Edited by F  H  Groome_1894.jpg|
11226355494 |000251352_02_000006_1_History of the North West_1894.jpg|
11226448723 |002711141_0_000025_1_Our Northern Districts  Eastern Algoma  North Nipissing  Rainy River  and the Te_1894.jpg|
11226333725 |002678206_0_000008_1_In Search of a Climate     With     illustrations  etc_1894.jpg|
11226333575 |000180895_0_000401_1_[African Hunting from Natal to the Zambesi including Lake Ngami  the Kalahari De_1894.jpg|
11226332955 |002706361_0_000459_1_Cassell s History of the War between France and Germany_1894.jpg|
11226446883 |003128573_0_000298_1_Description hydrographique de l Escaut depuis son embouchure jusqu a  Anvers  [W_1894.jpg|
11226352164 |000495547_02_000369_1_[The Countries of the World  being a popular description of the various continen_1894.jpg|
11226352024 |001041515_0_000761_1_Old and New Paris  Its history  its people  and its places     With numerous ill_1894.jpg|
11226331485 |011834423_0_000357_1_Around Tonkin and Siam_1894.jpg|
11226351554 |003481730_01_000154_1_The Anthropological Series  Edited by Professor F  Starr_1894.jpg|
11226330205 |000510822_02_000344_1_[Picturesque America  or  the Land we live in  A delineation by pen and pencil o_1894.jpg|
11226356926 |003522085_0_000399_1_Strassburg und seine Bauten  Herausgegeben vom Architekten  und Ingenieur Verein_1894.jpg|
11226329865 |003416887_0_000073_1_[Illustrated British Ballads  old and new  Selected and edited by G  B  Smith ]_1894.jpg|
11226355846 |000510822_02_000636_1_[Picturesque America  or  the Land we live in  A delineation by pen and pencil o_1894.jpg|
11226329295 |003488148_0_000226_1_Fra n det moderna England  Ett urval bilder och intryck     Med 267 illustration_1894.jpg|
11226349154 |003481730_02_000172_1_The Anthropological Series  Edited by Professor F  Starr_1894.jpg|
11226328085 |003416887_0_000103_1_[Illustrated British Ballads  old and new  Selected and edited by G  B  Smith ]_1894.jpg|
11226327295 |001488114_01_001044_1_British Battles on Land and Sea  With numerous illustrations_1894.jpg|
11226346134 |003322694_0_000496_1_The Old Pike  A history of the national road  with incidents  accidents  and ane_1894.jpg|
11226346786 |000912418_0_000579_1_The Making of Birmingham  being a history of the rise and growth of the Midland _1894.jpg|
11226321185 |003687754_0_000109_1_The Tower Bridge  its history and construction from the date of the earliest pro_1894.jpg|
11226433533 |000175832_0_000023_1_Pictures from Bohemia  drawn with pen and pencil  etc_1894.jpg|
11226337904 |003159007_0_000173_1_The Metallurgy of Gold  etc_1894.jpg|
11226310154 |011834423_0_000325_1_Around Tonkin and Siam_1894.jpg|
11226403803 |000860727_0_000005_1_A Compendium of the History and Geography of Cornwall     Third edition  with co_1894.jpg|
11226309414 |002476636_0_000079_1_Album von Papu a Typen  Neu Guinea und Bismarck Archipel  Etwa 600 Abbildungen a_1894.jpg|
11226289905 |003128573_0_000192_1_Description hydrographique de l Escaut depuis son embouchure jusqu a  Anvers  [W_1894.jpg|
11226399233 |001520737_0_000095_1_Gedenkboek der reductie van Groningen in 1594  door Prof  Dr  P  J  Blok  Mr  J _1894.jpg|
11226303904 |002755844_0_000070_1_Letters from the Land of the Rising Sun  Being a selection from correspondence c_1894.jpg|
11226219825 |001480626_04_000387_1_Az 1848 49 iki magyar szabadsa gharcz to rte nete  [With illustrations ]_1894.jpg|
11226334703 |000495547_01_000048_1_[The Countries of the World  being a popular description of the various continen_1894.jpg|
11226239524 |001404081_0_000307_1_Beitra ge zur Anthropologie  Ethnologie und Urgeschichte von Tirol  Festschrift _1894.jpg|
11226334343 |001488114_01_000560_1_British Battles on Land and Sea  With numerous illustrations_1894.jpg|
11226333643 |001488114_01_000266_1_British Battles on Land and Sea  With numerous illustrations_1894.jpg|
11226243776 |000510822_02_000097_1_[Picturesque America  or  the Land we live in  A delineation by pen and pencil o_1894.jpg|
11226329733 |000495547_02_000370_1_[The Countries of the World  being a popular description of the various continen_1894.jpg|
